資料集,類別,標籤,重寫敘述
AMI高壓用戶負載資料-售電,售電,"售電, 高壓用戶, 負載資料, 時間序列, 用電行為分析, 需求響應, 智慧電網, 資料品質管理, 配售系統, 電力市場","【1. 核心描述】  
本資料集「AMI高壓用戶負載資料-售電」記錄了高壓電力用戶在特定時間點的用電需量數據。資料涵蓋了用戶的電表識別資訊、對應的需量日期時間及對應的用電功率（以千瓦計），反映用戶在售電環節的電力消耗狀況。資料主要針對售電系統中高壓用戶，地理位置多半涵蓋特定電力公司管轄區域，時間範圍依批次更新日期而定。

【2. 應用場景】  
這份資料可用於分析高壓用戶的用電行為與負載模式，協助售電公司進行用電趨勢預測、需求響應計畫設計及價格策略制定。此外，亦可用於電力市場交易分析、發電調度協調及配售電系統的優化管理。對政策制定者，能提供用電模式洞察，支持能源政策與節能減碳措施的推動。

【3. 背景資訊】  
資料由電力售電單位透過先進量測基礎設施（AMI）系統收集，旨在精確掌握高壓用戶用電需求，提升售電服務品質及系統運作效率。此類資料收集是現代智慧電網推動的重要環節，有助於能源產業邁向數位化與智能化管理。

【4. 資料特徵】  
資料包含7個欄位，主要為：  
- customer_id（字串）：用戶電號，識別唯一用戶。  
- meter_group（字串）：電表組別，分類電表類型或區域。  
- meter_id（字串）：電表編號，識別單一電表。  
- date_time（文字）：需量記錄的日期與時間，呈現時間序列性質。  
- kw（數值）：該時刻的用電需量，數值型態，單位為千瓦。  
- status（字串）：狀態標記，可能表示資料有效與否或異常狀態。  
- batch_date（字串）：資料批次更新日期，反映資料的最新性與更新頻率。  
資料屬於時間序列，通常以固定間隔更新，如每日或每月批次。

【5. 使用限制與注意事項】  
資料中可能存在缺漏值或狀態異常記錄，使用時需確認status欄位以判斷資料有效性。由於資料僅涵蓋售電端高壓用戶，需搭配其他來源（如發電量、配電網路資料）才能完整理解整體電力系統運作。且因資料更新頻率與時間點可能不均，分析時應留意時間一致性與資料完整度。

【6. 潛在價值】  
透過本資料集，企業與研究者可深入了解高壓用戶用電行為，協助提升售電策略、優化負載管理與降低電力成本。政府部門亦可基於此資料推動精準能源管理政策，促進節能減碳及電網穩定。商業上，資料有助於開發智慧用電產品及服務，創造新商機。

【7. 其他補充（分類說明）】  
本資料屬於「配售系統」分類，專注於售電環節的用電需求量數據，反映配電網下游用戶的負載情形，為售電管理與配電系統優化提供基礎資料。"
AMI高壓用戶負載資料-購電,售電,"高壓用戶, 負載資料, 需量監控, 智慧電表, 時間序列, 配電, 售電, 用電行為分析, 電力調度, 需求預測","【1. 核心描述】  
本資料集「AMI高壓用戶負載資料-購電」記錄了高壓用戶的電力購電負載數據，涵蓋特定時間點的需量值。資料主要包含用戶電號、電表組別與表號、需量日期時間、需量值（以千瓦計）、狀態標記及資料更新日期。雖未明確標示時間範圍與地理位置，但由欄位設計可推測為某地區電力配售系統中高壓用戶的即時用電負載資料。  

【2. 應用場景】  
此資料集適用於分析高壓用戶的用電行為與負載趨勢，支持發電與輸配電規劃，優化電力調度與需求預測，並輔助能源政策制定與市場監管。電力公司可依此調整電網負載分配，降低尖峰負荷，提升供電穩定性與效率。  

【3. 背景資訊】  
此資料由電力配售系統相關機構蒐集，主要目的在於監控與管理高壓用戶的用電狀況。隨著智慧電表（AMI）技術普及，實時且準確的需量數據成為電力系統優化與市場交易的重要基礎。資料收集反映了電力行業致力於提升能源使用效率及電網管理的趨勢。  

【4. 資料特徵】  
資料包含7個欄位：用戶電號（文字）、電表組別（文字）、表號（文字）、需量日期時間（文字）、需量值（數值，千瓦）、狀態標記（文字）、資料更新日期（文字）。需量值為核心數據，反映該時間點用戶電力需求大小。資料以時間序列形式呈現，更新頻率推測為定期批次更新（由batch_date判斷）。  

【5. 使用限制與注意事項】  
資料中需量日期時間與更新日期為文字格式，使用前可能需轉換為標準時間格式。狀態欄位可能標示數據有效性或異常狀況，使用時需注意過濾。資料集可能存在缺漏值或時間點不連續，且未包含地理位置或用戶屬性，若需深入分析用戶行為或地域差異，需搭配其他資料來源。  

【6. 潛在價值】  
透過此資料集，電力業者與政策制定者能更精準掌握高壓用戶負載狀況，優化電力輸配網規劃與調度策略，減少能源浪費與電網風險。同時，研究人員可利用該資料分析用電模式變化，支持智慧電網及需求響應計畫，促進能源轉型與可持續發展。  

【7. 其他補充（分類說明）】  
該資料集屬於配售系統範疇，聚焦於電力配電與售電環節中用戶負載監控。主要涵蓋配電層級的高壓用戶購電行為，非發電端或輸電端資料，因此適合用於配電網管理與售電市場分析。"
RNBS再生能源用戶電表資料,配電,"再生能源, 用戶電表, 配售系統, 配電, 售電, 用電行為分析, 計量特性, 能源管理, 智慧電網, 電費計算","【1. 核心描述】  
RNBS再生能源用戶電表資料是一份記錄台灣地區再生能源用戶所使用電表相關資訊的資料集。資料涵蓋配售電系統中各用戶的電表基本資料與用電計算邏輯，反映用戶端的用電狀況與電表配置情形。資料以批次日期區分，呈現特定時點的電表狀態，適合分析再生能源用戶的用電與計量特性。

【2. 應用場景】  
此資料集可應用於多種場景，包括再生能源用戶的用電行為分析、電表性能與類型評估、配電系統優化以及能源管理策略制定。此外，亦可用於發電效率監控、電費計算準確度檢核及配售系統的規劃與維護，幫助電力公司提升服務品質與系統穩定度。

【3. 背景資訊】  
資料由負責台灣配售電系統管理的相關機構蒐集，目的是促進再生能源接入後的用電監控與計費透明化。隨著再生能源比例逐年提升，準確掌握用戶端電表資訊成為維持電網穩定與推動能源轉型的重要基礎，該資料集即承擔此關鍵角色。

【4. 資料特徵】  
資料包含9個欄位，主要有用戶電號（customer_id）、電表號碼（meter_id）、電表倍率（multiple）、電表型式（meter_type）、電表組別序號（meter_kind）、計算邏輯（kwh_rule）、能源種類（energy_type）及批次日期（batch_date）。欄位類型涵蓋文字類（如電號、電表型式）、整數（未終契機組數custdtqty）、數值（倍率multiple）及時間字串。資料以批次方式更新，反映特定日期的電表狀態。

【5. 使用限制與注意事項】  
資料中可能存在未終契機組數等欄位的缺漏值，且計算邏輯欄位為文字描述，需結合電力計費規則才能完整理解。由於資料僅涵蓋配售系統的再生能源用戶電表資訊，若要進行更全面的用電分析，建議搭配其他用電量數據及電網運作資料使用。此外，批次日期代表資料更新時間點，分析時需留意時間序列變化。

【6. 潛在價值】  
本資料集有助於能源業者與政策制定者深入了解再生能源用戶的計量狀況，提升電費計算與用電監控的精準度，進而優化配電系統管理。對於研究再生能源整合影響、推動智慧電網發展，以及制定更適切的能源政策，均具重要參考價值，能促進台灣能源轉型及電力系統的穩健運作。

【7. 其他補充（分類說明）】  
本資料集屬於「配售系統」分類，重點在於配電與售電環節中再生能源用戶的電表資料。其核心聚焦於配電網絡中的用戶端計量資訊，與發電端或輸電網路資料有所區別，適合用於配售及用戶端相關的能源管理與分析。"
高壓用戶地址正規化對照表,配電,"高壓用戶, 地址正規化, 配售系統, 配電, 用戶管理, 地理資訊, 資料標準化, 空間分析, 電力維護, 能源政策","【1. 核心描述】  
本資料集「高壓用戶地址正規化對照表」記錄了台灣地區高壓用戶的詳細地址資訊，涵蓋郵遞區號、縣市、鄉鎮市區、村里、鄰以及路名、巷、弄、衖衕和門牌號等欄位。資料主要聚焦於配售電系統中高壓用戶的住址標準化，方便統一管理與分析，但未明確限定特定時間範圍，屬於靜態地理地址資料。

【2. 應用場景】  
此資料集可用於配售電系統中的用戶地址標準化，提升資料整合與查詢效率。具體應用包括用戶資料管理、繪製用戶分布圖、輔助輸配電網路規劃與維護，以及用電行為分析時的空間定位。此外，該資料也有助於能源政策制定者了解高壓用戶地理分布，優化資源配置。

【3. 背景資訊】  
由於高壓用戶在電力系統中屬於重要用電端，準確掌握其地址資訊對配電系統管理及服務品質提升至關重要。此資料通常由電力公司或相關配售電機構收集，目的是確保用戶資料的一致性與正確性，避免因地址格式不統一而影響後續的資料分析與系統運作。

【4. 資料特徵】  
資料包含11個欄位，主要為文字型態（text）和數值型態(zipcode為6位數字)。欄位分別涵蓋郵遞區號、縣市、鄉鎮市區、村里、鄰、路名、巷、弄、衖衕及門牌號等，用於完整描述地址結構。此資料為靜態資料，更新頻率視用戶資料變動而定，通常隨用戶新增或異動時更新。

【5. 使用限制與注意事項】  
資料中可能存在地址欄位不完整或格式不一致的情況，需注意缺漏值或拼寫差異對分析造成的影響。由於僅包含地址資料，無用電量或時間序列資訊，若需進行用電行為或耗能分析，需搭配其他用電數據一起使用。此外，地址正規化的準確性依賴底層地址資料的正確與完整。

【6. 潛在價值】  
透過標準化的高壓用戶地址資料，可提升配售電系統的用戶管理效率，促進空間分析與資源調配準確度，有助於電力公司在維護、故障排查及新設施規劃時做出快速且精確的決策。對政策制定者而言，也能掌握高壓用戶分布，支持電力基礎建設及能源政策的制定與調整。

【7. 其他補充（分類說明）】  
本資料集屬於「配售系統」分類，聚焦於配電層級的用戶地址資料管理，主要服務於配電網路及售電端的用戶資料整合，非直接涵蓋發電或輸電系統資料。"
低壓用戶地址正規化對照表,配電,"低壓用戶, 地址正規化, 配電, 售電, 用戶資料管理, 地理資訊, 智慧配電, 需求響應, 資料品質, 能源政策","【1. 核心描述】  
本資料集「低壓用戶地址正規化對照表」記錄了台灣地區低壓用戶的詳細地址資訊，涵蓋郵遞區號、縣市、鄉鎮市區、村里、鄰、路名及門牌號等欄位。資料主要針對低壓用戶（如家庭用戶、小型商業用戶）在電力配售系統中的地址數據進行標準化整理，目的是統一並明確用戶地址資料，方便後續應用。資料涵蓋的時間範圍未特別限定，地理範圍涵蓋全台灣各縣市鄉鎮。

【2. 應用場景】  
此資料集適用於配電網路管理及用戶資料維護，如低壓配電系統的地址匹配、用戶定位及資源分配。可用於電力公司進行用戶資料核對、電費帳單寄送、故障報修地址確認等服務優化。此外，也適合用於能源消費行為分析中，結合地理資訊推動智慧配電與需求響應策略，甚至在能源政策制定時，提供精確的用戶分布基礎資料。

【3. 背景資訊】  
此資料集由配售系統相關單位依據低壓用戶登記資料整理，目的是解決不同資料來源中地址格式不一致的問題，提升資料品質與系統運作效率。能源產業中，配售系統需要精確的用戶地址資訊以確保電力供應與服務的精準性，因而進行地址正規化作業。

【4. 資料特徵】  
資料包含11個欄位，主要為文字型態（如地址、縣市、路名等），郵遞區號為數值型態（6位數整數）。欄位設計細分至巷、弄、衖衕等，方便完整且細緻的地址描述。此資料屬於靜態或週期性更新性質，更新頻率視用戶資料變動情況而定，通常會配合配售系統的資料同步進行定期更新。

【5. 使用限制與注意事項】  
資料中可能存在缺漏值，尤其在巷弄等欄位，因部分地址登記時可能未完全填寫。地址標準化雖力求一致，但仍可能因地名變更或行政區劃調整而產生異動，使用時需注意資料的時效性。此外，單獨使用此資料難以直接推估用戶用電行為或負載情況，通常需搭配其他用電量或用戶特性資料一併分析。

【6. 潛在價值】  
透過本資料集，電力公司與相關單位能有效整合並管理低壓用戶地址資訊，提升配電維護與服務效率，降低誤送帳單或錯誤派工的風險。對於能源分析師與政策制定者而言，這些精準的地理定位資料有助於進行用戶分群、需求預測及資源配置，進一步推動智慧能源管理及用戶體驗優化。

【7. 其他補充（分類說明）】  
本資料集屬於能源產業中的「配售系統」分類，專注於低壓用戶的地址資料管理，主要用於配電與售電階段的用戶資料維護，並非直接記錄用電量或發電資料，故在應用時多為輔助性基礎資料。"
包制用戶地址正規化對照表,配電,"地址正規化, 用戶管理, 配電系統, 配電網規劃, 地址標準化, 地理資訊系統, 用電戶資料, 配售系統, 台灣地址, 售電","【1. 核心描述】  
本資料集「包制用戶地址正規化對照表」主要記錄台灣地區用戶地址的標準化資訊，涵蓋郵遞區號至門牌號等詳細地址構成要素。資料內容包含縣市、鄉鎮市區、村里、鄰、路名及巷弄等細節，有助於統一和標準化地址格式，範圍涵蓋全台各地的基礎地理位置資訊。

【2. 應用場景】  
此資料集適用於電力配售系統中用戶地址的整理與核對，能支援用電戶資料管理、配電網路規劃、用戶需求分析及服務區域劃分。此外，亦可用於資料清理、物流配送、客服系統定位等場景，確保地址資訊的一致性與準確性。

【3. 背景資訊】  
由於電力配售系統需要精確且標準化的用戶地址資料以維護配電服務品質及進行區域管理，相關機構蒐集並整理本資料集。此資料反映政府及電力企業在用戶資料管理上的合作，並配合國家地址標準化政策，提升整體營運效率。

【4. 資料特徵】  
資料集包含11個欄位，主要為文字型態（如地址、縣市、鄉鎮市區等）及郵遞區號（數值型態）。這些欄位細分用戶地址的各層級結構，幫助系統精確定位地址。資料更新頻率視授權及使用需求而定，通常配合地政及郵政資料同步更新。

【5. 使用限制與注意事項】  
資料中可能存在缺漏值或地址格式異常，需要搭配其他用戶資料或地理資訊系統(GIS)資料進行交叉驗證。此外，地址變動或新設行政區劃可能未即時反映，使用時應注意資料時效性。資料授權限制亦需遵守，避免未經授權使用。

【6. 潛在價值】  
透過統一且標準化的地址資料，能顯著提升電力配電系統用戶管理效率，降低因地址錯誤導致的服務異常風險。對能源企業而言，有助於精準規劃配電網路及優化資源配置，進一步支持用電行為分析與政策制定。

【7. 其他補充（分類說明）】  
本資料集屬於配售系統分類，主要服務於電力配電及用戶管理相關作業，為配電環節基礎資料的重要組成部分。"
變壓器基本屬性,售電,"變壓器資料, 配電, 售電, 設備管理, 容量評估, 故障分析, 系統穩定性, 資產管理, 智慧電網, 能源效率","【1. 核心描述】  
這個資料集記錄了變壓器的基本屬性與相關資訊，涵蓋電力配售系統中各區域使用的變壓器設備。資料包含變壓器的容量、型式、電壓規格、阻抗、製造商及製造日期等詳細資訊。時間範圍主要反映設備的製造與資料建置時點，地理範圍則依據區處代碼區分不同服務區域。

【2. 應用場景】  
這份資料集適用於配電系統的設備管理與優化，如變壓器維護排程、容量評估、故障分析及更新計畫規劃。亦可用於輸配電網路的負載分析、設備選型及系統穩定性評估，協助用電行為研究及能源政策制定，進一步提升電力系統的安全性與效率。

【3. 背景資訊】  
資料由電力公司或相關配售系統管理單位收集，目的是掌握變壓器的詳細規格與狀態，確保配電系統運作正常並符合安全標準。透過完整的設備資料，能源產業可有效監控設備健康狀況，支援系統規劃與維護。

【4. 資料特徵】  
資料包含27個欄位，涵蓋類別型（如區處代碼、型式名稱、製造廠商）、數值型（如容量kVA、阻抗）、以及時間字串（製造年月、資料建置及異動日期時間）。重要指標有容量（kVA）、一次側及二次側電壓、設備狀態等。資料更新頻率依異動狀況而定，通常在設備新增或異動時更新。

【5. 使用限制與注意事項】  
資料中部分欄位可能存在缺漏值，尤其是新增備用欄位或已停用項目。設備狀態欄位需留意其最新更新時間，以免使用過時資訊。此外，單純依此資料難以完整分析系統運作，建議搭配負載資料、故障記錄等其他資料使用，才能做出更全面判斷。

【6. 潛在價值】  
透過本資料集，電力系統管理者能有效掌握變壓器設備的基本資訊與狀態，支持維修保養決策、資產管理及系統升級規劃。對研究者而言，可用於分析配電網絡的容量配置與可靠度，促進智慧電網發展與能源效率提升。

【7. 其他補充（分類說明）】  
本資料集屬於配售系統範疇，專注於配電及售電階段的設備資料，區分於發電或輸電設備。主要針對變壓器這類關鍵配電設備，為配電網運作的核心組件之一。"
變壓器報廢紀錄,配電,"變壓器報廢, 配電系統, 資產管理, 壽命預測, 維護策略, 可靠度分析, 時間序列資料, 配售系統, 電力設備管理, WAND-配電","【1. 核心描述】  
本資料集「變壓器報廢紀錄」記錄了電力系統中變壓器的報廢相關資訊，涵蓋配電系統內各區域的變壓器設備。資料內容包含報廢的時間點（報廢日期）、該設備所在區域代碼、公司編號、設備序號以及相關的作業憑證編號等。時間範圍依據資料異動日期與時間可追溯至最新更新，地理範圍涵蓋整個配電系統的各區處。

【2. 應用場景】  
此資料集適合用於配電設備的壽命管理與維護策略分析，協助電力公司評估變壓器的報廢頻率與時點，進一步優化設備更換計劃與預算安排。此外，也可用於輸配電網路的可靠度評估、故障分析及提升配電系統整體運作效率，對能源政策制定、設備投資決策及電網安全監控等均具有參考價值。

【3. 背景資訊】  
變壓器作為電力系統中關鍵的配電設備，其性能與壽命直接影響電力供應的穩定與安全。此資料由相關電力公司或監管機構收集與維護，目的是記錄設備報廢時點與相關作業細節，反映配電系統運維狀況，進而支持資產管理與設備更新策略的制定。

【4. 資料特徵】  
資料欄位包含：區處代碼(areaId)、公司編號(trNo)、變壓器序號(serialNo)、報廢日期(gDate)、作業憑證編號(workNo)、資料異動日期(updateDate)、資料異動時間(updateTime)及異動人員帳號(updater)。所有欄位皆為文字型態（character varying），其中報廢日期及異動時間可視為時間序列資料。資料更新頻率視配電設備報廢狀況而定，通常為即時或定期更新。

【5. 使用限制與注意事項】  
由於欄位多為文字格式，使用前需進行適當的資料格式轉換與清理。資料中可能存在缺漏值，尤其在報廢日期或異動資訊部分，需注意資料完整性。報廢紀錄僅反映設備報廢事件，若要全面分析配電系統狀況，需搭配設備安裝、維護及運行情況相關資料。此外，變壓器報廢原因未包含於此資料集，需另行取得故障或檢修紀錄才能深入分析。

【6. 潛在價值】  
透過分析此資料集，可以掌握變壓器報廢的時間分布與區域差異，有助於提前預測設備老化趨勢，優化維護與更換計劃，降低設備故障風險與停電事件發生率。對於電力公司而言，可提升資產管理效率與成本控制，對政策制定者則能提供實務依據，制定更有效的配電系統升級政策，促進電力系統安全與穩定。

【7. 其他補充（分類說明）】  
本資料集屬於「配售系統」分類，專注於配電層級設備的管理與運維紀錄，與發電或輸電階段設備資料有所區隔。資料主要著眼於配電網路中變壓器設備的報廢事件，適合用於配電系統相關的資產管理與運行分析。"
變壓器檢修紀錄,配電,"變壓器維護, 配電系統, 設備檢修, 故障預測, 資產管理, 供電可靠性, 設備健康監控, 配電, 售電, 能源管理","【1. 核心描述】  
這份資料集「變壓器檢修紀錄」記錄了配電系統中變壓器的檢修狀況與相關參數，涵蓋各區處變壓器的維護與檢測數據。資料包含檢修日期、檢修原因、檢修結果，以及多項技術指標如激磁電流、鐵損、絕緣電阻等，反映變壓器的運作與健康狀態。資料主要針對變壓器設備的維護過程，時間範圍依據檢修日期欄位而定，且涵蓋公司內多個區域（依區處代碼區分），地理範圍屬於特定公司或區域的配售電系統。

【2. 應用場景】  
此資料集可用於分析變壓器的運轉效率與故障模式，協助發電及配電公司進行設備維護規劃及風險評估。也可用於預測設備故障時間，優化檢修排程，提升供電可靠性。此外，資料有助於能源管理單位制定更精準的配電系統維護策略，保障用電安全與穩定。對學術研究而言，亦可作為設備老化與維修成效的實證資料。

【3. 背景資訊】  
變壓器為電力系統中關鍵設備，其正常運作直接影響電力輸送與供應品質。該資料由配售系統維護團隊或相關能源公司收集，目的在於監控變壓器性能、追蹤檢修作業，及早發現異常以減少停電風險。資料的收集反映了能源產業對於設備管理的嚴謹態度與持續改善的需求。

【4. 資料特徵】  
資料欄位共44項，包含文字類別欄位（如區處代碼、檢修原因、設備組件狀態等）、數值欄位（激磁電流AMP、鐵損LOS、絕緣電阻OHM、加油量等），以及時間字串類型（檢修日期、資料異動日期、時間）。其中，檢修結果與缺陷標記（defect_flag）為重要指標。資料更新頻率視檢修作業頻率而定，通常依檢修完成即時更新。

【5. 使用限制與注意事項】  
資料中可能存在缺漏值，尤其在非數值欄位如附件與配件狀態描述中。檢修記錄依作業頻率而異，部分設備可能較長時間未更新。因為資料主要紀錄檢修過程，若欲全面評估變壓器狀態，建議搭配運行監控數據、環境條件及負載情報。資料格式多為字串，需注意轉換與標準化處理。此外，缺陷標記欄位為二進位格式，使用時需特別留意。

【6. 潛在價值】  
透過分析此資料集，可及早偵測設備老化與潛在故障點，降低突發停電風險，提升電力系統穩定性。對於資產管理與維護策略優化提供實證依據，節省維修成本並延長設備壽命。政策制定者可利用此資料掌握配電設備健康狀態，制定更有效的監管與投資計畫。商業層面則可作為服務品質提升與客戶滿意度管理的基礎。

【7. 其他補充（分類說明）】  
此資料集屬於「配售系統」分類，專注於配電及售電階段的設備監控與維護。與發電或輸電系統資料不同，重點在於配電網絡中變壓器的維修保養，屬於配電設備管理的重要資料來源。"
變壓器收發紀錄,配電,"變壓器管理, 配電系統, 資產監控, 運維管理, 流程優化, 時間序列, 物流追蹤, 配電, 配售系統, 資產調度","【1. 核心描述】  
本資料集「變壓器收發紀錄」記錄了配電系統中變壓器的收發作業資訊，涵蓋各個區域配電處的變壓器管理狀況。資料內容包含變壓器的區域代碼、公司編號、序號，以及每次收發的日期、動作類別、工作班次等細節。時間範圍主要以收發日期為準，地理範圍集中於所屬的配電區域，反映變壓器在物流與管理上的動態情況。

【2. 應用場景】  
此資料集適用於配電系統運維管理，例如追蹤變壓器的流動與使用狀況，協助配電設備的盤點與調度。也可用於分析配電設施的維護效率，優化資產管理流程。此外，該資料有助於用電安全監控及配電網路的持續改進，對於相關政策制定與資源分配也具參考價值。

【3. 背景資訊】  
資料由配電系統相關單位收集，主要目的是確保變壓器等關鍵配電設備在收發過程中有完整的紀錄，避免資產流失或誤置。此類資料對於配電公司或電力管理機構而言，是維持電力供應穩定與安全的重要基礎。

【4. 資料特徵】  
資料包含10個主要欄位，皆為文字類型，紀錄變壓器所在區域（areaId）、公司編號（trNo）、序號（serialNo）、收發日期（gDate）、作業類別（_action）、憑證編號（workNo）、工作班別（team）、以及資料異動的日期與時間（updateDate、updateTime）及異動人員帳號（updater）。資料以時間序列形式呈現，更新頻率依實際作業紀錄而定，通常隨變壓器收發事件即時更新。

【5. 使用限制與注意事項】  
資料中可能存在缺漏值，特別是在異動人員帳號或某些細節欄位。由於欄位多為識別與紀錄性質，缺乏直接的數值型性能指標，因此需要結合其他設備性能或用電負載資料，才能進行更全面的分析。此外，時間欄位以文字格式存放，使用時需轉換為標準時間格式以便排序與分析。

【6. 潛在價值】  
透過此資料集，管理者能有效掌握變壓器的運輸與使用狀況，降低資產流失風險，提升配電設備管理效率。研究人員可用來分析配電設備物流流程，進一步優化維護策略。商業應用方面，資料有助於制定合理的設備調度計畫及預算分配，促進電力系統的穩定運作與成本控制。

【7. 其他補充（分類說明）】  
本資料集屬於「配售系統」分類，重點在配電設備的管理與調度，主要服務於配電階段的資產管理，不涉及發電或輸電環節。適合用於配電端的資產監控及作業流程優化。"
變壓器裝拆紀錄,配電,"變壓器管理, 配電系統, 裝拆紀錄, 資產管理, 維護排程, 故障分析, 地理資訊系統, 配電, 智慧電網, 用電安全","【1. 核心描述】  
這份「變壓器裝拆紀錄」資料集記錄了配電系統中變壓器的安裝與拆除相關資訊，涵蓋具體的地理位置、作業時間及原因等細節。資料內容主要反映配售電系統在不同區域（以區處代碼標示）內，變壓器的裝拆作業情形，包含作業日期、位置座標、饋線與線路配置等。資料時間涵蓋各次裝拆作業的紀錄更新，地理範圍則依據公司營運區域而定。

【2. 應用場景】  
此資料集適用於配電網路維護管理、設備更換與升級規劃、故障原因追蹤分析、用電安全評估等情境。也可用於分析變壓器的使用壽命及拆除原因，協助提升配電設備的運作效率與可靠度，並支援配電系統的資產管理與維護決策。此外，相關單位可利用資料優化現場作業排程及人力資源配置。

【3. 背景資訊】  
資料由配電系統相關單位蒐集，基於維護配電網路安全與穩定運作的需求，記錄每次變壓器的安裝與拆除作業。背後機構通常為電力公司或配電管理中心，目的在於掌握設備狀況、追蹤故障原因與提升服務品質，確保電力供應的可靠性。

【4. 資料特徵】  
資料欄位共24項，包含區處代碼(areaId)、公司編號(trNo)、作業序號(serialNo)、裝拆日期(gDate)、地理座標(XY、Googlex、Googley)、饋線(Feed)、桿號(PL)、線路別(Ovit)、線電壓(Lv)、用途別(Usit)、裝拆別(Remv)、拆除原因(Rcaus)等。所有欄位大多為文字類型，部分欄位如經緯度為數值型，時間資訊以字串形式呈現。資料更新頻率視作業發生頻率而定，通常隨每次裝拆作業異動即時更新。

【5. 使用限制與注意事項】  
資料中可能存在缺漏值，尤其在拆除原因或用途別等欄位上，需留意資料完整性。由於座標與圖號等欄位需搭配地理資訊系統(GIS)或其他配電網路資料，才能完整解讀位置與網路結構。資料僅記錄裝拆事件，無法直接反映變壓器運作效能或負載狀況，使用時需結合其他監測資料以獲得更全面分析。

【6. 潛在價值】  
透過此資料集，管理單位能掌握配電設備變動狀況，分析裝拆頻率與拆除原因，有助於預測設備老化或故障趨勢，優化維護計劃與資產配置。此外，結合地理座標與線路資訊，可支援配電網路調整與擴充規劃，提升供電穩定性與安全性，對能源政策制定與智慧電網發展具重要參考價值。

【7. 其他補充（分類說明）】  
本資料集屬於「配售系統」分類，專注於配電階段的設備管理與服務運維，涵蓋配電網路中變壓器的安裝拆除紀錄，與發電或輸電系統資料區隔，主要用於提升配電系統的運維效率與服務品質。"
開關基本屬性,配電,"配電, 開關設備, 資產管理, 設備維護, 靜態屬性, 配售系統, 能源管理, 安全檢測, WAND_配電","【1. 核心描述】  
本資料集「開關基本屬性」記錄了配電系統中各類開關設備的基本資訊與技術規格。資料涵蓋設備的型式名稱、額定容量、電流大小、製造廠商及製造日期等，主要反映配電網路中開關設備的基本屬性。資料集中未包含具體的時間序列運作數據，主要聚焦於設備的靜態特性，適用於台灣地區配售系統相關設備管理。

【2. 應用場景】  
此資料集可用於配電系統設備管理與維護規劃，協助工程師評估開關設備的性能規格與壽命，支援輸配電網路的可靠性分析。此外，也適合用於用電安全檢測、資產盤點及更新決策，對能源管理單位制定維護計劃及配電系統升級策略有重要參考價值。

【3. 背景資訊】  
本資料由配售系統管理機構或相關能源企業蒐集，目的在於建立完整且標準化的開關設備資料庫，以提升配電系統的管理效率與安全性。透過統一的設備屬性紀錄，能有效追蹤設備狀況與製造背景，支持後續的技術分析與政策制定。

【4. 資料特徵】  
資料包含24個欄位，主要為文字類別欄位（如公司編號、契約編號、設備型式名稱、製造廠商等）與數值欄位（如額定容量、電流等）。部分欄位已廢止不再使用（例如SF6氣體相關欄位）。資料日期與時間以文字格式紀錄，更新頻率視管理需求而定，通常以設備維護或資料異動時更新。

【5. 使用限制與注意事項】  
資料中部分欄位已廢止，使用時應注意避免誤用。由於為靜態設備屬性資料，缺乏即時運作或故障紀錄，如需進行動態分析需搭配其他運作數據。此外，資料中可能存在部分欄位空缺或更新延遲，使用前建議進行完整性檢查與必要的資料清理。

【6. 潛在價值】  
該資料集能幫助配電系統管理者掌握設備基本狀況，優化維護及更換時程，降低故障風險與停電影響。對於研究機構與政策制定單位，可用來評估配電設備普及與技術發展趨勢，支持能源基礎建設提升與安全標準制定。商業應用則包括設備供應商的市場分析與產品改良依據。

【7. 其他補充（分類說明）】  
本資料集屬於「配售系統」分類，專注於配電層級的設備管理，涵蓋配電網路中開關裝置的基本屬性，而非發電或高壓輸電設備。適合配電運維、資產管理及相關業務使用。"
開關收發與報廢紀錄,配電,"配電, 資產管理, 設備維護, 開關設備, 報廢紀錄, 資料清理, 時間序列, 預防性維護, 庫存控管, 配售系統","【1. 核心描述】  
本資料集「開關收發與報廢紀錄」（資料集編號：ldds0013）主要記錄配電系統中開關設備的收發與報廢相關資訊。資料涵蓋設備從收發、移撥到報廢的時間點與狀態，包含日期、工作班別、憑證編號及設備狀態等詳細紀錄。資料以文字格式為主，範圍涵蓋特定公司及其配售系統，時間跨度依據收發與報廢事件發生日期而定，地理範圍則依所屬公司及移撥單位而異。

【2. 應用場景】  
此資料集適用於配電設備管理與維護，如追蹤開關設備的使用狀況、調度與更換流程。可用於分析設備報廢原因，改善維護策略，提升配電系統可靠性。此外，資料亦可支援資產管理、庫存控管及設備生命周期分析，並有助於制定設備更新計劃或評估設備故障頻率，進而優化配售系統運作。

【3. 背景資訊】  
該資料由配售系統相關單位依據日常設備管理流程所蒐集，目的是確保開關設備的運作安全與資產完整性。資料收集過程中，結合現場工作班的收發與報廢紀錄，反映設備實際狀況與操作歷程，有助於提升設備管理的透明度與追蹤效率，符合電力行業對設備維護及安全管理的嚴格要求。

【4. 資料特徵】  
資料欄位共17項，包含公司編號（文字）、收發日期與報廢日期（文字格式的日期）、收發與報廢工作班、憑證編號、設備狀態、移撥單位等文字類別欄位，以及設備瑕疵標註（位元型態）。資料主要以文字型態呈現，部分欄位如日期可視為時間序列資料。資料更新頻率依實際作業而定，通常隨收發或報廢事件即時更新。

【5. 使用限制與注意事項】  
由於日期與時間欄位為文字格式，使用前可能需要資料清理與格式轉換。資料中可能存在缺漏值或未完整填寫的欄位，特別是在備註說明部分，可能影響解析完整度。此外，單靠本資料集無法全面評估設備性能或故障原因，通常需搭配其他設備技術參數、維修紀錄或環境因素資料，才能進行更深入的分析。

【6. 潛在價值】  
透過本資料集，管理者可以追蹤配電系統開關設備的流轉與報廢狀況，有助於掌握設備使用壽命與維護需求，降低突發故障風險。對研究者而言，資料可用於分析設備報廢模式與潛在瑕疵來源，支援預防性維護與資產優化配置。商業上，資料有助於提升配售系統運營效率及安全管控，促進資產管理的數位化轉型。

【7. 其他補充（分類說明）】  
本資料集屬於配售系統分類，專注於配電環節中設備的收發與報廢管理，與發電、輸電系統資料有所區隔。它是配電系統資產管理的重要組成部分，強調設備的流轉紀錄與狀態監控，對維護配電系統的穩定運作具有關鍵意義。"
開關檢修紀錄,配電,"配電, 開關檢修, 設備維護, 故障分析, 預防保養, 可靠度分析, 安全監控, 配售電系統, 資產管理, 電力產業","【1. 核心描述】  
本資料集記錄了配售電系統中開關設備的檢修紀錄，涵蓋設備外觀檢查、手動與電動操作試驗、絕緣與耐壓測試、SF6氣體壓力、保護電驛設定及跳脫情形等多項檢測指標。資料涵蓋時間跨度包含故障發生日期與檢修完成日期，並記錄檢修原因、結果及相關人員信息。地理範圍主要為特定電力公司內部的配電設備。  

【2. 應用場景】  
此資料集可用於設備維護管理、故障分析、檢修效率評估及預防性保養計畫制定。也適合用於配電系統可靠度分析、風險評估及輸配電系統安全監控，協助技術人員判斷設備狀況，並支援能源管理與政策制定。  

【3. 背景資訊】  
資料由電力公司或配售電系統管理單位收集，目的是確保配電設備運轉安全與穩定，降低故障風險，提升供電品質。此類檢修紀錄是配電系統維護管理的重要依據，反映設備狀況及維修歷程，符合行業安全標準與法規要求。  

【4. 資料特徵】  
資料包含35個欄位，主要為文字類型（character varying），涵蓋公司編號、設備外觀構造與檢查結果、手動及電動操作試驗結果、絕緣及耐壓試驗數據、氣體壓力讀數、保護裝置設定與跳脫狀況、故障及檢修日期與原因、檢修人員及備註等。資料多為分類描述型欄位，也包括日期時間資訊。更新頻率視檢修事件發生而定，通常為不定期。  

【5. 使用限制與注意事項】  
資料中可能存在缺漏值，特定欄位如停用欄位須注意不納入分析。由於資料以文字形式記錄檢測結果，需解讀欄位含義與標準。部分資料需配合設備技術規範或其他運行資料（如負載數據）才能完整評估設備狀況。使用者須留意資料更新時間與完整性，以避免誤判。  

【6. 潛在價值】  
透過分析此資料集，可提前識別設備潛在故障，提升維護效率與預防性保養成效，降低停電風險。對於營運管理者，有助於優化檢修排程與資源配置；對政策制定者，可作為配電系統安全標準調整的參考依據。整體提升配售電系統的可靠度與運作安全。  

【7. 其他補充（分類說明）】  
本資料集屬於配售電系統分類，重點在配電設備的檢修維護紀錄，與發電或輸電系統資料相區隔。主要聚焦於開關設備（如斷路器）相關檢測與維修資訊，是配電系統穩定運行的重要基礎數據。"
開關裝拆紀錄,配電,"配電, 開關裝拆, 設備維護, 作業管理, 維運效率, 資產管理, 地理資訊, 故障追蹤, 預防性檢修, 配售系統","【1. 核心描述】  
本資料集「開關裝拆紀錄」記錄了配售電系統中開關設備的安裝與拆卸作業細節，涵蓋作業日期、時間、地點（包含經緯度座標及地址）、作業班組及相關憑證等資訊。資料主要反映配電網路中實際裝拆開關設備的現場狀況，範圍涵蓋配電系統的基礎設施維護與管理，時間跨度依作業日期記錄而定，地理位置主要集中於特定營運區域內。

【2. 應用場景】  
此資料集可用於配電設備維護管理、作業效率分析、故障追蹤及預防性檢修規劃。此外，透過分析開關裝拆的時間與地點分布，有助於優化配電網路維護排程，提升供電可靠度。亦可支援能源公司在電網資產管理、設備壽命評估及人力資源調度等方面的決策。

【3. 背景資訊】  
資料由配電系統管理單位或相關電力公司所蒐集，目的是監控與記錄配電網路中開關設備的施工維護狀況，以確保電力系統安全穩定運作。這些記錄有助於追蹤裝拆作業的歷史紀錄，並作為後續設備檢修及資產管理的重要依據。

【4. 資料特徵】  
資料包含29個欄位，主要為文字類別資料（如公司編號、圖號、裝拆憑證號碼、作業班組等），也含有時間類別（裝拆日期與時間）、數值類型的經緯度座標，以及備註欄位。重要指標包括裝拆時間、地理位置（經緯度與地址）、裝拆類型與作業班組等。資料更新頻率視作業執行情況而定，通常為即時或每日更新。

【5. 使用限制與注意事項】  
資料中部分欄位（如停用欄位srvedat0~2、surveyr0~2）已不再使用，應予以忽略。由於資料集中多為文字型態，分析前需確認日期時間格式一致性。缺漏值情況未特別標註，使用時需檢查資料完整性。此外，單靠此資料難以全面評估電網狀況，建議結合其他設備性能或負載資料進行綜合分析。

【6. 潛在價值】  
透過本資料集，能源管理者可更精準掌握配電設備的維護與更換狀況，預測設備壽命與故障風險，提升維運效率與安全性。對於研究者與政策制定者而言，亦能了解配電系統運維的實務挑戰，進而支持制定更有效的維護策略與資源分配。

【7. 其他補充（分類說明）】  
本資料集屬於「配售系統」分類，專注於配電層級的設備管理，涵蓋開關裝拆作業相關資訊。它是配電網路運維管理的重要資料來源，與發電或輸電系統層級資料有所區隔，專注於更接近用戶端的配電設備維護紀錄。"
電表批號,售電,"電表管理, 批次追蹤, 配售系統, 供應商管理, 品質管控, 設備追蹤, 配電, 售電, 結構化資料, 風險降低","【1. 核心描述】  
本資料集記錄了配售系統中電表的批號資訊，涵蓋不同電表型式及其對應的批次號碼，並標示每一批次電表的起始與結束表號。資料聚焦於電表設備的批次管理，用於追蹤與識別電表產品來源與生產批次，時間及地理位置未明確限定，但主要適用於電力配售領域內的設備管理。

【2. 應用場景】  
此資料集適用於電力公司及相關單位在電表安裝、維護及盤點時的批號追蹤，協助確認電表的生產來源和批次分布。此外，也可用於供應商管理、品質管控及追蹤電表的使用狀況。對於配電系統的設備管理和故障調查，提供基礎資料支援。

【3. 背景資訊】  
電表作為電力配售系統的重要設備，其批號管理有助於保證設備品質及供應鏈透明度。此資料由授權機構或電力相關單位蒐集，目的是建立完善的電表批次管理系統，以確保配售過程中電表的可追溯性與管理效率。

【4. 資料特徵】  
資料包含五個欄位：電表型式（文字類型）、得標廠商（文字類型）、批次號碼（文字類型）、以及表號區間的起始與結束號碼（文字類型）。這些欄位組合提供批次與表號範圍的清晰界定。資料屬於結構化文字資料，更新頻率依批次產生及採購狀況決定。

【5. 使用限制與注意事項】  
資料中未包含時間戳記或地理位置信息，無法單獨用於分析電表使用的時間與區域分布。此外，若批次號碼或表號區間存在空缺或重複，可能影響資料完整性。建議搭配其他電表運行、安裝或用電量資料，以獲得更全面的分析結果。

【6. 潛在價值】  
透過此資料集，相關單位能有效管理電表批次，提升設備追蹤與品質控管能力，降低因設備異常導致的風險。對供應商評估與招標管理亦具參考價值，有助於優化配售系統運作與維護策略，進而支持電力系統的穩定與安全。

【7. 其他補充（分類說明）】  
本資料集歸類於配售系統範疇，重點在於電力配電與售電設備的管理。其內容與發電或輸電系統無直接關聯，主要服務於電表安裝與管理相關作業。"
開關單位別,配電,"配電管理, 開關設備, 操作紀錄, 設備維護, 配售系統, 故障追蹤, 系統優化, 配電, 售電, 能源數據","【1. 核心描述】  
本資料集「開關單位別」記錄了電力配售系統中各開關單位的基本識別資訊及相關備註，涵蓋公司編號與單位代碼等識別欄位，並包含資料修改的時間、日期、IP及操作帳號等紀錄。資料主要反映配電系統中各開關單元的管理狀態，時間範圍依資料更新日期而定，地理範圍涵蓋相關公司營運的配電區域。

【2. 應用場景】  
此資料集適用於配電系統管理、設備維護紀錄追蹤和操作紀錄分析。用於電力公司內部對開關單元狀態的監控與調度，支援配電網路的故障排查與維修計畫，也可輔助用電行為分析與系統優化，提升配電系統的穩定性與效率。

【3. 背景資訊】  
資料由電力配售系統相關單位收集與維護，主要目的是確保配電系統中各開關單位的運作狀態及管理行為有完整的紀錄，便於追蹤操作歷史和系統異常。資料蒐集背後機構為電力公司或配電系統管理單位，屬於能源產業中配電環節的重要資料。

【4. 資料特徵】  
資料集包含8個欄位，主要為文字類型（字串），包括公司編號（tpceqpid）、單位代碼（branchid）、使用者備註（usrcommt）、系統備註（syscommt）、資料修改日期（updatdat）、修改時間（updattim）、修改IP（updatrip）、修改帳號（updatrid）。數據呈現多為靜態文字紀錄，依據實際操作更新，更新頻率與電力系統維運頻率相關，可能為每日或異動時更新。

【5. 使用限制與注意事項】  
資料中可能存在備註欄位內容不完整或主觀差異，且無數值型的性能指標，僅提供操作與識別資訊。因為缺乏地理座標或詳細設備狀態，若需分析空間分布或設備效能，須結合其他資料集（如配電網路圖、設備性能資料）使用。此外，資料更新依賴手動或系統自動紀錄，可能存在時效性差異。

【6. 潛在價值】  
本資料集有助於提升配電系統的管理透明度與紀錄完整性，支持故障追蹤、維護計畫制定及操作流程優化。對於電力公司而言，可有效掌握開關單元變動歷史，降低因操作疏失導致的風險，並為未來智能配電系統的建置打下基礎。此外，資料可輔助政策制定者了解配電運作現況，作為配售系統管理與改善的參考。

【7. 其他補充（分類說明）】  
本資料集屬於「配售系統」分類，專注於配電及售電環節中的設備單位管理，與發電或輸電系統資料有所區隔。主要聚焦於配電系統中開關設備的識別與操作紀錄，是配電網路管理的重要組成部分。"
各縣市售電與再生能源購電度數,售電,"售電, 再生能源, 配電, 能源交易, 能源消費分析, 時間序列資料, 綠色能源, 能源政策, 台灣縣市, 市場監控","【1. 核心描述】  
此資料集記錄了台灣各縣市在特定年月的售電總度數以及累積購買的再生能源電量，涵蓋的時間範圍以年月為單位，地理範圍涵蓋全台各縣市。資料反映了不同地區用電與再生能源購電的比例情況，提供每個縣市在售電與再生能源採購上的量化數據。

【2. 應用場景】  
該資料集適用於多種情境，包括分析各縣市能源消費結構、評估再生能源採購成效、供應鏈與配電系統規劃，以及協助能源政策制定者了解再生能源推廣進度與用電行為。也可用於市場研究與推動地方綠能發展計畫。

【3. 背景資訊】  
資料由相關能源管理或監管機構蒐集，目的是監控與推動再生能源的使用比例，促進綠色能源發展，並進一步支持政府與業界在能源轉型過程中的決策。能源產業背景強調售電市場與再生能源購電的透明度與監督。

【4. 資料特徵】  
資料主要包含五個欄位：年月（文字型態）、縣市名稱（文字型態）、累積再生能源購電度數（數值型態）、累積售電度數（數值型態）、以及購電佔用電比（百分比數值）。數據呈現為時間序列，通常以月為更新頻率，反映每月的能源交易與消費狀況。

【5. 使用限制與注意事項】  
資料可能存在部分缺漏值，特別是在某些縣市或月份的再生能源購電資料未完全回報。此外，購電佔用電比需結合其他用電量資料才能更全面理解能源消費行為。使用時需注意資料的授權限制及更新時效，避免直接用於即時決策。

【6. 潛在價值】  
透過這份資料，決策者與研究者可以掌握再生能源推廣的實際成效，優化能源配售策略，並追蹤各地區能源結構的變化。商業應用方面，企業可依據用電與再生能源比例調整營運策略，推動綠色能源採購與市場競爭力提升。

【7. 其他補充（分類說明）】  
本資料集屬於配售系統分類，聚焦於售電與再生能源購電的交易與配售層面，反映在配電網絡下的能源流動狀況，而非直接記錄發電或輸電細節。"
各縣市再生能源裝置容量及累計發電度數(併聯基礎),發電,"再生能源, 風力發電, 太陽光電, 裝置容量, 累計發電量, 時間序列分析, 區域能源規劃, 發電, 配電, 能源政策","【1. 核心描述】  
這個資料集記錄了台灣各縣市在特定月份的再生能源裝置容量與累計發電量，涵蓋風力、太陽光電及其他類型的再生能源設備。資料按年月（year_month）與縣市區分，呈現自有與收購兩種裝置容量（以千瓦計）以及對應的累計發電度數（以度計）。時間範圍以年月為單位，地理範圍涵蓋全台各縣市，提供再生能源裝置與發電狀況的詳細區域性概貌。

【2. 應用場景】  
此資料集適用於分析各縣市再生能源的裝置規模與發電績效，協助發電效率評估、區域能源規劃及輸配電設施優化。也可用於研究用電行為與再生能源發展趨勢，支持能源政策制定、補助計劃評估與環境影響分析。企業亦可運用此資料判斷投資潛力或市場布局。

【3. 背景資訊】  
資料由具備授權的能源管理機構或政府單位蒐集，目的是監測與管理再生能源發展狀況，促進綠能政策推動與能源轉型。隨著全球與台灣對減碳的重視，掌握區域能源裝置容量與發電量成為重要基礎資料，支持決策者有效掌握再生能源實際貢獻與成效。

【4. 資料特徵】  
資料欄位共14項，包含時間（年月）、地理位置（縣市）、裝置容量與累計發電量。裝置容量分別記錄風力、太陽光電及其他再生能源，並區分自有與收購兩種性質。數據多為數值型態，時間序列特性明顯，適合進行趨勢分析與跨區比較。資料更新頻率依年月更新，反映最新能源裝置與發電狀況。

【5. 使用限制與注意事項】  
資料可能存在部分缺漏值，特別是部分縣市或能源類型的裝置容量與發電量資料尚未完整。累計發電度數為累計值，使用時需注意與時間點匹配，避免誤判增量。建議搭配其他用電量、氣象或設備運轉資料以完整解讀發電效能與環境影響。此外，「其他」類型能源未細分，需留意其組成與比例。

【6. 潛在價值】  
透過本資料集，可以掌握各地再生能源發展現況，協助政府與企業制定符合區域需求的能源政策與營運策略。分析累計發電數據有助評估再生能源設備的實際產能，促進資源配置優化。亦可用於環境影響評估、綠能補助成效檢視及推動地方綠色經濟，提升整體能源轉型效率。

【7. 其他補充（分類說明）】  
本資料集屬於配售系統分類，聚焦於再生能源裝置容量與發電度數的區域分布與累積狀況，涵蓋發電端的容量與產能數據，適合作為配電網規劃與售電策略評估的基礎資料。其內容涵蓋發電與配電環節，但不包含末端用電行為資料。"
再生能源自有案場明細,發電,"再生能源, 配電, 發電效率, 併網管理, 裝置容量, 時間序列, 能源政策, 案場運作, 能源監控, 綠能投資","【1. 核心描述】  
本資料集「再生能源自有案場明細」記錄了台灣境內各類再生能源發電案場的詳細資訊。涵蓋時間從年月（year_month）到年度累積數據，地理範圍涵蓋各縣市（county），主題聚焦於再生能源案場的裝置容量、發電量、併聯狀態及相關技術參數。資料反映每個案場在特定期間的發電績效與運作狀況，讓使用者能掌握再生能源發電的實際運行情形。

【2. 應用場景】  
此資料集適用於多種情境，包括評估各類再生能源（如太陽能、風能等）發電效率，協助電力系統輸配電規劃，研究用電行為與再生能源併網特性，並為能源政策制定提供數據支持。此外，能源企業可利用此資料優化案場管理與投資決策，學術機構則可進行相關能源轉型與環境影響分析。

【3. 背景資訊】  
資料由相關能源主管機關或配售系統管理單位收集，目的是為了監控再生能源案場的運作效能，推動國家能源結構調整與低碳目標。隨著全球及台灣對再生能源重視度提升，透過系統化的資料蒐集，有助於透明化發電資訊，促進再生能源的穩定發展與合理併網。

【4. 資料特徵】  
主要欄位包含時間序列的年月（year_month）、地理位置（county）、再生能源種類（energy_type）、案場名稱（site_name）、裝置容量（installed_capacity(KW)）、毛容量因素（gross_capacity_factor(%)）、毛發電度數（gross_gen_kwh）、淨發電量（net_gen_kwh）、以及併聯日（integration_date）等。資料型態涵蓋文字類別（如縣市、能源類型）、數值（容量、發電量）、及時間標記。資料更新頻率通常為月度，反映最新發電狀況。

【5. 使用限制與注意事項】  
資料中可能存在缺漏值，尤其在發電日數或機組狀態欄位，使用者需注意資料完整性。此外，單一案場的發電效益解讀有時需結合氣象條件、設備維護狀況等外部資料，才能得出準確結論。由於資料為授權類型，使用時需遵守相關授權規範與隱私保護要求。

【6. 潛在價值】  
透過本資料集，政策制定者能掌握再生能源推動成效，優化能源政策與補助方案。電力公司可評估案場性能，優化電網佈局與穩定度。投資者與研究機構則可分析再生能源市場趨勢與技術改進空間，促進綠能產業成長與環境永續發展。

【7. 其他補充（分類說明）】  
此資料集屬於配售系統分類，主要聚焦於配電系統中再生能源案場的併網與發電資訊，涵蓋自有案場的運作狀態與發電績效，對於配電系統管理與再生能源整合具有重要參考價值。"
各縣市再生能源自有案場統計,發電,"再生能源, 太陽光電, 風力發電, 水力發電, 地熱能, 時間序列分析, 配電, 發電, 能源政策, 能源管理","【1. 核心描述】  
本資料集記錄了台灣各縣市再生能源自有案場的統計資料，涵蓋太陽光電、風力、水力及地熱四種主要再生能源類型。資料以年月為時間單位，包含各縣市的廠址數量、裝置容量、當月發電量以及累積發電量。資料範圍涵蓋全台各縣市，時間則依照欄位設計為年月格式，適合進行時間序列分析。

【2. 應用場景】  
此資料集適用於多種能源相關情境，包括：分析不同地區及能源類型的發電效率、評估再生能源裝置的發展趨勢、協助輸配電系統規劃以因應能源供需、研究用電結構與再生能源推廣成效，以及為政府或企業制定能源政策和投資策略提供依據。

【3. 背景資訊】  
隨著全球對環境永續及減碳目標的重視，台灣積極推動再生能源發展。本資料集由相關能源管理機構或政府部門蒐集，目的是監控再生能源自有案場的裝置狀況與發電表現，支持能源轉型政策的制定與執行，並促進能源產業的透明化與科學管理。

【4. 資料特徵】  
資料包含18個欄位，涵蓋四種再生能源的廠址數量（數值型）、裝置容量（數值型，單位為千瓦）、當月發電度數（數值型，千瓦時）及累積發電度數（數值型，千瓦時）。時間欄位為年月格式（字串型）。資料以月為更新頻率，適合追蹤短期及長期的發電變化。

【5. 使用限制與注意事項】  
資料中可能存在缺漏值，特別是在某些縣市或時間點的廠址或發電量統計上，且部分小型或新設案場的數據可能尚未完整反映。由於僅記錄自有案場數據，若需全面評估再生能源發電狀況，建議搭配其他電網或售電資料一併使用，以獲得完整的能源供應全貌。

【6. 潛在價值】  
透過分析本資料集，使用者可掌握不同縣市及再生能源類型的發展差異與成效，幫助政策制定者評估補助或發展計畫的成效，協助電力公司優化輸配電布局，並支持產業投資決策。此外，環保團體與研究機構也能利用此資料監測綠能發展進程，推動更永續的能源未來。

【7. 其他補充（分類說明）】  
本資料集屬於「配售系統」分類，重點在於再生能源發電端的裝置與發電量統計，偏向發電端的生產資料。適合用於配電及能源管理層面的分析，但不包含用電端或售電市場交易資料。"
各倉庫材料庫存金額統計表-一般材料,其他,"庫存管理, 財務監控, 材料成本, 時間序列, 製造業應用, 能源產業, 資源優化, 成本控制, 財會資源, 非發電","【1. 核心描述】  
這個資料集記錄了各工廠倉庫中不同類別材料的庫存金額。資料涵蓋多個工廠（以工廠代碼及中文名稱區分），並依日期進行分類，反映在特定時間點材料的財務價值狀況。資料主要聚焦於一般材料的庫存管理，包含A、B、C三類材料、通用配件、呆料、廢料，以及專案與非專案工程材料等多種分類。

【2. 應用場景】  
此資料集可用於企業內部的財務監控與庫存管理，幫助分析不同類別材料的庫存金額分布，進而優化採購與資金運用策略。此外，資料也適合用於成本控制、材料使用效率評估，及支援財會報表編制。對於能源產業而言，透過監控材料庫存，有助於維護設備及工程專案的持續運作。

【3. 背景資訊】  
資料集由企業內部財會或資源管理部門建立，目的是精確掌握各工廠材料庫存的財務狀況，避免資金閒置或浪費。此類資料在製造業與能源產業中相當重要，因為原材料及備品備件的合理管理直接影響生產效率與成本結構。

【4. 資料特徵】  
資料包含12個欄位，主要為日期（文字格式）、工廠代碼與名稱（文字格式），以及多項材料庫存金額（數值格式，精確到小數點後兩位）。各材料分類清楚，反映不同用途與屬性的庫存金額。資料以時間序列形式呈現，便於追蹤變化趨勢。

【5. 使用限制與注意事項】  
資料中可能存在缺漏值，特別是在庫存異動較少或資料更新不及時的工廠。由於資料僅涵蓋材料金額，缺乏實際庫存數量與使用頻率，若需全面分析，建議搭配物料出入庫記錄、採購資料或生產計劃等其他資料使用。此外，日期欄位為文字格式，使用前需轉換為標準日期型別以利時間序列分析。

【6. 潛在價值】  
透過分析材料庫存金額，可以有效掌握資金投放狀況，減少呆料與廢料的積壓，提升資源利用率。此資料能協助管理層做出更精準的庫存策略與成本控制決策，支持財務預算編製與風險管理。對能源產業來說，有助於保障設備維護與專案執行的物料供應穩定。

【7. 其他補充（分類說明）】  
此資料集屬於「財會資源」分類，專注於庫存材料的財務價值紀錄，不直接涵蓋發電、輸電或用電數據。主要應用於企業內部財務及資源管理，對能源產業的生產與維修部門提供物料成本監控的數據支撐。"
各倉庫材料庫存金額統計表-發電配件,發電,"發電, 庫存管理, 財務監控, 資產管理, 發電配件, 成本控制, 供應鏈管理, 財會資源, 工廠管理, 能源產業","【1. 核心描述】  
這份資料集記錄了多個工廠中與發電相關的專用配件及材料庫存金額狀況，涵蓋了不同日期（年月格式）下，各工廠的庫存與已轉資材料的財務數據。資料主要聚焦於發電設備及其配件的庫存金額，範圍涵蓋各工廠的專用備件及材料，提供了一段時間內（由欄位格式可推測為年月）的財務庫存狀況。地理位置則依工廠代碼與名稱區分，反映不同工廠的庫存資產分布。

【2. 應用場景】  
這個資料集適合用於發電設備及配件的資產管理與財務監控，協助分析各工廠的材料庫存金額變化，進而優化庫存水準和資金使用效率。此外，可用於發電配件的採購計劃、存貨盤點、成本控制，以及支持輸配電相關設備維護和備件管理。能源企業的財務部門、庫存管理團隊及運營分析師均可利用此資料提升決策品質。

【3. 背景資訊】  
資料由能源產業中負責發電設備及其配件管理的部門收集，目的在於掌握庫存資產的財務狀況，確保發電運作的供應鏈穩定與資產合理配置。此類資料對維持發電廠正常運轉、降低營運風險具有重要意義，反映企業內部財會與資產管理的整合需求。

【4. 資料特徵】  
資料中包含日期（年月，字串格式）、工廠代碼與名稱（字串）、以及多項金額指標（高精度數值型態），如主要項目已轉資材料金額、MSP1/MSP2已轉資材料金額、存貨金額及備用零件金額，最後有各項合計金額。這些欄位均為財務數值，反映不同類別的庫存價值。資料更新頻率可能為每月一次，根據日期欄位顯示格式推測。

【5. 使用限制與注意事項】  
資料中日期為年月格式，缺乏日細節，對於需日常庫存追蹤的分析有一定限制。若需完整理解庫存狀況，可能需搭配實際庫存量、採購記錄及設備維護紀錄等其他資料。此外，資料中若有缺漏值或異常金額需留意，並確認各工廠代碼和名稱的一致性與正確性，以免影響分析結果。

【6. 潛在價值】  
透過分析此資料集，企業可掌握各工廠發電配件的財務狀況，優化存貨管理與資金配置，降低庫存成本與資產閒置風險。對能源產業而言，有助於提升設備維護效率與運營穩定性，並支援財務預算編列及能源政策決策，進一步促進能源產業的經濟效益與可持續發展。

【7. 其他補充（分類說明）】  
本資料集屬於財會資源範疇，重點在於發電配件的庫存財務狀況，涵蓋發電相關的配件管理。它與發電設備的資產管理直接相關，但不涉及輸電或配電層面，適用於發電站內部的財務與庫存分析。"
材料庫存資料表,輸電,"材料庫存, 庫存管理, 採購規劃, 供應鏈優化, 財務控管, 生產製造, 時間序列分析, 物料追蹤, 安全庫存, 財會資源","【1. 核心描述】  
這份「材料庫存資料表」（資料集編號：ldfa0003）主要記錄了特定工廠的物料庫存情況，涵蓋了物料的種類、數量、單價、存放地點及批次等資訊。資料中包含多個工廠的物料數據，時間範圍涵蓋每筆資料的最後收料日期與使用日期，具體時間可依資料中日期欄位查詢。此資料集中包含工廠的中文名稱及代碼，幫助辨識不同生產基地的庫存狀態。  

【2. 應用場景】  
此資料集適用於庫存管理與採購規劃，能協助企業分析物料使用效率、評估安全庫存水平，優化訂購與配送流程。對財務部門而言，可利用庫存金額與單價數據進行成本控制與資產盤點。製造與供應鏈管理者可透過領前時間與批次資訊，提升物料供應的時效性與追蹤性。此外，此資料亦適合用於預測供應鏈瓶頸及制定庫存調整策略。  

【3. 背景資訊】  
該資料集由企業內部授權使用，主要由財務及資源管理相關單位負責蒐集與維護，目的是確保物料資源的透明化及精準管理。企業在生產製造過程中，為了降低庫存成本並避免生產中斷，定期記錄各工廠的物料庫存狀態，以支持決策制定與流程優化。  

【4. 資料特徵】  
資料包含22個欄位，涵蓋日期（字串與日期格式）、工廠代碼與名稱（字串）、物料編號及名稱（字串）、材料類別與管理類別（字串）、評價類型（字串）、計量單位（字串）、批次及儲存位置（字串）、庫存量與安全庫存（數值）、單價與總金額（數值）、領前時間（月數，數值）等。數據多為結構化的類別與數值型態，日期欄位可用於時間序列分析。資料更新頻率視企業庫存管理政策而定，通常為日常或週期性更新。  

【5. 使用限制與注意事項】  
資料中部分欄位如「材料類別」與「管理類別」僅對特定物料類型（如ZROH）有值，其他則為空值，使用時需注意欄位適用範圍。可能存在缺少批次或儲存細節的狀況，且庫存量與價格資料需與實際盤點紀錄核對確認。為完整解讀庫存安全性與物料流向，建議結合生產計劃、採購訂單及銷售數據共同分析。  

【6. 潛在價值】  
此資料集有助於提高庫存管理的透明度與效率，減少資金佔用與物料浪費，支援企業成本降低與生產順暢。對財務報表準備及內部審計亦有積極幫助。從策略層面，能協助優化供應鏈安排、預防缺料風險，並促進跨部門協作。對外部研究而言，亦可作為產業供應鏈分析與市場趨勢判斷的基礎資料。  

【7. 其他補充（分類說明）】  
本資料集屬於「財會資源」分類，重點在於物料的庫存與財務價值管理，並非直接涵蓋發電、輸電、配電或售電等能源產業具體運作環節。它主要服務於企業內部的資源與財務控管，屬於生產製造與供應鏈管理的支持性資料。"
專用配件與發電設備備用零件庫存資料表,發電,"備件管理, 庫存優化, 發電設備, 維護計畫, 資產管理, 財務評估, 發電, 庫存監控, 供應鏈管理, 設備可靠度","【1. 核心描述】  
這份資料集記錄了專用配件與發電設備備用零件的庫存狀況，涵蓋了各工廠內不同物料的詳細資訊，包括庫存量、製造日期、有效期限、保養週期及相關批次資料。資料涵蓋的時間以日期欄位為主，並追蹤庫存與保養動態，地理範圍則涵蓋多個工廠（由工廠代碼代表），主要聚焦於能源產業中發電設備的備件管理。

【2. 應用場景】  
此資料集可用於發電設備備件的庫存管理與優化，協助確保關鍵零件的即時供應，減少設備停機風險。也適用於分析備件消耗與更換週期，支持維護計畫制定。同時，可用於財務評估備件資產價值，並輔助能源企業在備件採購與存貨控制上的決策。此外，對於用電行為研究或輸配電規劃，間接有助於提升設備可靠度與運作效率。

【3. 背景資訊】  
能源產業中的發電廠需要維持大量專用配件和備用零件以確保設備穩定運行。這些資料由相關工廠或能源企業內部財會及資產管理部門收集，目的在於掌握庫存狀況、保養計畫與資產價值，促進備件管理的透明化與效率化，避免因備件不足或過多庫存所造成的經濟損失與運營風險。

【4. 資料特徵】  
資料包含46個欄位，涵蓋文字類別（如工廠代碼、物料編號、製造商）、數值類別（庫存量、單價、保養週期、逾期月數等）與日期類型（製造日期、有效期限、最後使用日期、保養日期等）。主要指標包括庫存量、庫存金額、安全庫存、領前時間及保養相關欄位。資料更新頻率未明確標示，推測依工廠實際盤點與入庫作業定期更新。

【5. 使用限制與注意事項】  
資料中可能存在缺漏值，如部分物料未填寫最後使用日期或保養日期，且部分欄位如舊物料編號可能僅適用於系統上線前資料。庫存數據需搭配其他設備運行或維護記錄，才能完整評估備件需求。使用時也需注意庫存的有效期限及逾期月數，避免依賴過期或滯銷物料。此外，資料主要反映庫存與財會狀況，非即時設備運行數據。

【6. 潛在價值】  
這份資料有助於優化備件庫存管理，降低過多庫存造成的資金壓力，並確保關鍵備品的及時供應，提升設備維護效率與可靠性。對財務部門而言，可精準掌握資產價值與折舊情況，支持成本控管。對決策者而言，資料可作為評估備件策略、採購計畫和維護策略的重要依據，進而提升整體發電廠運營效率與安全性。

【7. 其他補充（分類說明）】  
本資料集屬於能源產業中的財會資源類，專注於發電設備備用零件的庫存與資產管理。其分類涵蓋發電設備相關的備件管理，並非直接涉及輸電、配電或售電環節，但在確保發電設備正常運轉上具有關鍵輔助作用。"
材料週轉率報告表,輸電,"材料週轉率, 存貨管理, 財務分析, 供應鏈優化, 庫存控制, 生產計劃, 資金周轉, 製造業, ERP系統, 財會資源","【1. 核心描述】  
本資料集「材料週轉率報告表」記錄了企業中各類材料的存貨與使用狀況，涵蓋不同材料類型在特定工廠的月度存貨金額、用料金額及週轉率等財務數據。資料主要以年月（6位數字格式）作為時間標記，涵蓋當年度及歷史累計資料。地理範圍依工廠代碼區分，反映企業在不同生產基地的材料管理情況。

【2. 應用場景】  
此資料集適用於企業財務與供應鏈管理，特別是在評估材料存貨效率、成本控制及資金周轉方面。可用於分析材料使用趨勢、優化庫存水平、提升生產計劃準確度，並支援財會決策與預算編列。此外，管理者也可利用此資料協助制定更精確的採購策略與庫存調控方案。

【3. 背景資訊】  
資料主要由企業財會及資源管理部門蒐集，目的是監控材料資源的使用效率與存貨狀況，確保資金運用合理且生產流程順暢。此類資料對於製造業或大型工廠尤為重要，因為材料成本通常占營運費用很大比例，且材料週轉率是衡量資產流動性與管理效率的關鍵指標。

【4. 資料特徵】  
資料包含13個欄位，涵蓋日期（文字格式）、材料類型與類別（文字說明與代碼）、工廠代碼，以及多項數值指標如上月結存、本月結存、本月用料、累計用料、平均存貨金額與週轉率。數值欄位多為高精度數字，方便進行財務分析。資料以月為單位更新，具備時間序列特性，便於追蹤材料使用變化。

【5. 使用限制與注意事項】  
資料中部分欄位（如材料類別代碼與管理類別代碼）在某些材料類型下可能為空值，使用時需留意判斷依據。若需完整解讀材料管理狀況，建議搭配生產計劃、採購記錄或銷售數據一同分析。此外，資料可能存在缺漏值或異常數據，分析前應進行適當的資料清理。由於資料以授權方式提供，使用時需遵守相關規定。

【6. 潛在價值】  
透過分析材料週轉率與存貨金額，企業可有效掌握資產流動狀況，降低庫存風險，提升資金利用效率。此資料有助於發現材料使用異常、優化採購流程，並為成本控制與預算分配提供依據。對於研究者，也能用於探討製造業供應鏈管理與財務策略的最佳實踐。

【7. 其他補充（分類說明）】  
該資料集屬於財會資源類別，主要聚焦於材料財務管理與存貨控制，並非直接涵蓋發電、輸電、配電或售電等能源產業運營層面。但對於能源設備製造或相關物料管理仍具參考價值，尤其是在企業資源規劃（ERP）系統中作為基礎財務資料使用。"
損益簡表,售電,"財務分析, 預算管理, 成本控制, 財務報告, 企業績效, 時間序列, 類別資料, 內部審核, 財會資源, 售電","【1. 核心描述】  
本資料集「損益簡表」記錄了某組織或企業在財務層面的損益狀況，包含每個會計項目在特定日期（以月份為單位）的實際發生數與預算數，以及累計年度數據與全年度預算合計。資料涵蓋的時間範圍以月份為單位，內容涵蓋財務損益的多個細項及其分類，地理位置未特別限定，適用於企業內部財務分析與管理。

【2. 應用場景】  
這份資料集可用於企業財務績效分析、預算執行追蹤、成本控制評估、年度財務報告編制及決策支持。管理層可以透過比對實際發生與預算數據，掌握財務狀況的異動，進行調整與規劃。此外，財會部門也可作為審核與稽核的依據。

【3. 背景資訊】  
資料來源通常為企業內部財務會計系統，由財務或會計部門負責收集與維護。此類資料集用於監控組織的財務健康狀況，協助企業達成經營目標及符合財務管理規範。其授權性質意味著資料使用受到特定規範限制，確保資訊安全與隱私。

【4. 資料特徵】  
資料包含以下主要欄位：  
- 日期（budat）：以字串形式表示年月（如YYYYMM），屬時間序列資料。  
- 代碼（code）及父類別代碼（parent_code）：識別財務項目及其分類，屬類別型資料。  
- 項目名稱（name）：財務項目描述，文字資料。  
- 本月份實際數與預算數（wrbtr_act_mon、wrbtr_pln_mon）：數值型，反映當月財務發生額。  
- 本年度累計實際數與預算數（wrbtr_act_acc、wrbtr_pln_acc）：數值型，反映年度累積。  
- 全年度預算合計數（wrbtr_pln_sum）：數值型，為年度預算總額。  
資料一般按月更新，以保持財務數據的即時性與準確性。

【5. 使用限制與注意事項】  
資料可能存在缺漏值，特別是在尚未產生數據的未來月份或新建立項目中。使用時需注意代碼與分類結構變動可能影響資料一致性。為完整解讀財務狀況，建議搭配企業其他財務報表（如資產負債表、現金流量表）及背景說明文件一同分析。此外，因屬授權資料，使用者需遵守相關授權條款與保密規定。

【6. 潛在價值】  
本資料集能協助管理層即時掌握財務執行情況，發現預算執行偏差，有效控制成本與風險，提升財務管理效率。對研究者而言，可用於分析企業財務行為模式與預算管理成效。商業應用方面，亦有助於投資決策、策略規劃及績效評估，促進企業永續經營。

【7. 其他補充（分類說明）】  
此資料集屬於「財會資源」分類，主要聚焦於財務損益管理，並非直接涉及能源產業的生產、輸配電或用電等技術層面數據。因此，在能源產業的應用中，需結合該企業的能源運營資料，才能完整評估財務與能源管理的整體效益。"
損益簡表代碼對應表,輸電,"財務分類, 損益代碼, 會計系統, 財務報表, 資料標準化, 分類結構, 財務管理, 能源產業財務, 靜態資料, 財務資料整合","【1. 核心描述】  
本資料集名為「損益簡表代碼對應表」，主要記錄財務報表中損益類別項目的代碼及其名稱，並標示各項目的上層分類結構。資料涵蓋損益表中各個財務指標的分類與階層關係，僅包含編碼系統與名稱對應，未涉及具體財務數據。該資料集不依時間或地理位置限制，屬於靜態結構性資料。

【2. 應用場景】  
此資料集適用於企業財務報表分析、會計系統設計、財務資料整理與自動化報表生成等場景。透過統一的代碼與分類結構，可以協助財務分析師、會計人員及資料工程師標準化損益項目，方便後續的數據匯總、比較及視覺化呈現。此外，亦可用於財務數據的跨系統整合與審核。

【3. 背景資訊】  
此資料集通常由會計或財務管理相關機構制定與維護，目的是建立一套標準化的損益項目編碼系統，以確保各企業或部門在財務報告上的一致性與可比性。在能源產業或其他行業的財務管理中，標準化的損益代碼有助於提升資料交換效率與準確性。

【4. 資料特徵】  
資料包含三個欄位：  
- code（文字型態，長度最多20字元）：各損益項目的唯一代碼。  
- name（文字型態，長度最多100字元）：對應代碼的項目名稱，描述該損益類別。  
- parent_code（文字型態，長度最多20字元）：代表該項目的上層分類代碼，用於建立項目間的階層結構。  

資料屬於分類資料，無時間序列屬性，更新頻率視機構政策而定，一般較為穩定，偶爾因會計準則變更而更新。

【5. 使用限制與注意事項】  
資料集本身不包含財務金額或時間維度，僅為代碼與名稱的對應表，無法單獨用於財務分析。使用時需搭配實際的財務數據集才能完整解讀。此外，若父類別代碼缺失或錯誤，可能導致分類結構不完整，使用者需注意資料完整性與正確性。

【6. 潛在價值】  
統一且清晰的損益代碼體系，有助於提升財務資料的管理效率與分析準確度。對能源產業等高度依賴成本與收益控制的行業而言，該資料可以支持更精確的損益分析、預算控管、成本分攤及績效評估，進而輔助決策制定及策略規劃。

【7. 其他補充（分類說明）】  
本資料集屬於財會資源分類，並非直接涉及能源產業的發電、輸電、配電或售電等技術層面，而是提供財務報表中損益項目的分類標準，屬於企業財務管理的基礎資料工具。"
資產負債表,輸電,"資產負債表, 財務分析, 企業財務, 資產管理, 負債結構, 投資決策, 風險評估, 時間序列, 財務報告, 財會資源","【1. 核心描述】  
本資料集「資產負債表」記錄了一家公司或組織在不同日期的財務狀況，涵蓋資產、負債及所有者權益等會計項目。資料以日期為時間軸，主要反映財務數據的變化情況，適用於特定企業或機構的內部或公開財務報告分析，並無特定地理位置限制。  

【2. 應用場景】  
此資料集可用於企業財務健康評估、資產管理、負債結構分析以及投資決策支持。此外，會計師和財務分析師可透過此資料進行財務報表編制、風險評估及預算規劃。政府或監管機構也能利用此資料監督公司財務狀況，制定相應政策。  

【3. 背景資訊】  
資產負債表為企業財務報表的核心文件之一，通常由會計部門依照會計準則定期編製。資料集由相關企業或財務管理機構提供，目的是提供透明且標準化的財務資訊，以利內外部利益相關者了解企業資產與負債的結構。  

【4. 資料特徵】  
資料包含五個欄位：  
- budat（日期，字串格式，6位數）表示報表日期，屬時間序列資料。  
- code（代碼，字串）為每個財務項目的唯一識別碼。  
- name（項目名稱，字串）說明具體的財務項目名稱，如現金、應付帳款等。  
- parent_code（父類別，字串）用於標示項目隸屬的上層類別，有助於分類整體財務結構。  
- hslvt（金額，數值型態）表示該項目的財務數字，單位通常為貨幣。  
資料通常以月度或季度為更新頻率，便於追蹤財務變動。  

【5. 使用限制與注意事項】  
資料可能存在缺漏值，特別是在非關鍵或次要財務項目中。由於僅包含資產負債表相關欄位，若要全面理解企業財務狀況，建議搭配損益表和現金流量表等其他財務資料使用。此外，日期欄位格式需注意轉換，以確保分析的時間正確性。  

【6. 潛在價值】  
此資料集可協助企業及投資者了解財務穩健度，預測未來資金需求和償債能力，優化資產配置，並支援信用評分與風險管理。對研究者而言，能分析不同行業或時期的財務趨勢，為政策制定與市場監管提供實證依據。  

【7. 其他補充（分類說明）】  
本資料集屬於「財會資源」類別，專注於財務會計範疇，與能源產業的發電、輸電、配電或售電等技術運營資料無直接關聯，但對能源企業的財務健康監控和投資決策同樣重要。"
資產負債表代碼對應表,輸電,"財務標準化, 資產負債表, 代碼對應, 財報分析, 結構化數據, 財會資源, 企業財務, 風險管理, 能源產業應用","【1. 核心描述】  
本資料集「資產負債表代碼對應表」記錄了財務報表中資產負債表各項目代碼及其名稱，並標示每個項目所屬的上層分類。資料涵蓋的內容聚焦於企業財務結構的分類與標準化，適用於各行各業的財務報告分析，無時間限制且不區分地理位置。

【2. 應用場景】  
此資料集可用於財務系統的代碼標準化、會計軟體開發、財報自動化分析，以及企業內部財務報告的資料對應。對於能源產業等需整合多元財務數據的企業，能協助統一資產負債表項目，提升數據處理效率與準確性。

【3. 背景資訊】  
資料集由財務或會計相關機構整理，目的是提供一套標準化的資產負債表項目代碼，方便企業和分析師在處理財務資料時保持一致性。這類資料對於財務管理、審計及監管機構來說，都是重要的基礎資源。

【4. 資料特徵】  
資料包含三個主要欄位：  
- code：資產負債表項目的代碼，字串型態，長度最多20字元；  
- name：項目名稱，字串型態，長度最多100字元；  
- parent_code：父類別代碼，字串型態，長度最多10字元，用以建立項目層級關係。  
資料屬於結構化分類數據，無時間序列成分，通常在財務資料更新時同步調整。

【5. 使用限制與注意事項】  
此資料集僅包含代碼與名稱對應，不含具體財務數值，需配合其他財務報表資料使用才能完整解讀。資料中可能存在部分項目尚未細分完整，使用時需注意其分類層級的完整性和一致性。此外，部分企業可能會有自訂代碼，需特別對應調整。

【6. 潛在價值】  
透過統一的資產負債表代碼標準，企業可提升財務資料整合與分析效率，降低數據錯誤風險，促進跨部門和跨組織的財務溝通。對能源產業而言，能協助更精確地追蹤資產結構與負債狀況，支援財務決策、投資評估和風險管理。

【7. 其他補充（分類說明）】  
本資料集屬於「財會資源」分類，並非直接涵蓋能源產業的技術或運營數據，主要用於財務報表的標準化管理。雖然與能源產業的發電、輸電、配電、售電等業務流程無直接對應，但在能源公司財務管理層面具有基礎且關鍵的應用價值。"
購建固定資產計畫執行情形明細表,輸電,"固定資產投資, 財務監控, 預算管理, 資本支出分析, 投資效益, 風險評估, 資產管理, 財會資源, 能源企業輔助, 無明確WAND分類","【1. 核心描述】  
本資料集「購建固定資產計畫執行情形明細表」記錄政府或企業在特定期間內關於固定資產購置與建設計畫的預算分配及執行情況。資料涵蓋計畫名稱、執行日期及相關財務指標，反映各計畫年度的可用預算、預算分配及實際執行金額。時間範圍以年度為單位，地理位置未明確指定，適用於相關單位監控固定資產投資的推動與資金使用狀況。

【2. 應用場景】  
此資料集適用於財務監控與管理、投資效益分析、預算執行情況評估等場景。政府機關或企業可透過資料分析檢視各固定資產計畫的預算使用效率，協助後續的資金調度與計畫調整。此外，政策制定者可依據執行情形評估相關政策的執行成效，財會人員也能用於編制財報及預算控制。

【3. 背景資訊】  
該資料集由具財會監督職能的機構編制，目的是監控固定資產購建計畫的財務執行狀況，確保預算依規定合理運用，避免資金浪費。此類資料通常來自政府部門或大型企業財務系統，反映組織在資本支出上的管控需求及資產管理策略。

【4. 資料特徵】  
資料欄位包含日期（budat）、計畫名稱（project_name）及多項數值型財務指標，如本年度及以前年度可用預算（avail_prev、avail_legal、avail_advance）、累計預算分配（budget_alloc）與實際執行金額（exec_amount）。其中，日期欄位為文字格式（6位元），其他欄位多為高精度數值型態。資料更新頻率未明確，但通常依年度或季度進行更新。

【5. 使用限制與注意事項】  
資料可能存在缺漏值，特別是在預算分配或執行金額尚未確定的時期。此外，單靠本資料集無法全面評估計畫成效，建議搭配其他如工程進度、產出效益或相關政策文件等資料一併分析。使用者需注意欄位定義及單位，確保數據解讀正確。

【6. 潛在價值】  
透過本資料集，管理者能掌握固定資產計畫的財務執行情況，提升預算分配與使用效率，進而優化資金運用策略。對研究者而言，資料有助於分析資本支出趨勢及其對組織運營的影響。商業應用上，資料可支持風險評估與投資決策，促進資產管理的透明化與科學化。

【7. 其他補充（分類說明）】  
此資料集屬於財會資源類別，主要聚焦於固定資產購建計畫的財務面管理，與能源產業中的資產投資管理相關，但不直接涉及發電、輸電、配電或售電等具體能源作業層面。適合作為能源企業或公共機構固定資產投資監控的輔助資料。"
原物料價格,配電,"原物料價格,能源設備,配電,時間序列,成本分析,供應鏈管理,市場趨勢,財會資源,風險管理","【1. 核心描述】  
本資料集記錄了多項與能源及相關產業密切相關的原物料價格，涵蓋倫敦金屬交易所（LME）銅、鋁、鎳等金屬價格，以及絕緣油、矽鋼片、不鏽鋼、鋼板、聚氯乙烯（PVC）等材料的市場價格。資料以每日為單位更新，反映當天的價格狀況，適用於全球市場參考，尤其關注與電力配電及能源設備製造相關的原物料價格變動。

【2. 應用場景】  
此資料集可用於多種情境，包括能源產業中的成本分析與預算編制、發電與配電設備的材料採購策略、市場趨勢預測、供應鏈管理、以及能源政策制定時的經濟評估。此外，金融投資機構也可依據金屬及材料價格波動，進行風險管理與投資決策。

【3. 背景資訊】  
原物料價格是能源產業及相關製造業的重要成本指標，價格波動直接影響產品成本與市場競爭力。本資料集由相關授權機構彙整，旨在提供透明且即時的市場價格資訊，幫助產業界與決策者掌握原物料行情，提升整體產業效率與經濟效益。

【4. 資料特徵】  
資料包含17個欄位，主要為數值型價格數據，單位通常為當地貨幣的市場價格，並以文字格式記錄日期及備註。關鍵欄位包括LME銅價、鋁價、鎳價，以及多種絕緣油和矽鋼片的價格，這些數據呈現為每日價格，屬於時間序列資料。資料每天更新，確保價格資訊的時效性。

【5. 使用限制與注意事項】  
資料中可能存在缺漏值，特定原物料價格在某些日子未必完全可得，使用時需注意資料的完整性。此外，價格受市場多重因素影響，單獨觀察價格無法完整解釋市場動態，建議結合其他經濟數據或產業資訊共同分析。資料為授權類型，使用時需遵守相關授權規定。

【6. 潛在價值】  
透過分析此資料集，企業可優化原料採購時間與數量，降低成本風險；政策制定者可掌握市場價格趨勢，制定更具前瞻性的能源及產業政策；研究人員則可利用價格變動資料，評估原物料供需關係及其對能源產業的影響，進而推動技術創新與產業升級。

【7. 其他補充（分類說明）】  
本資料集屬於財會資源分類，重點涵蓋能源產業中與配電及設備製造相關的原物料價格資訊，對配電級矽鋼片及絕緣油等特定材料價格提供細緻記錄，有助於配電系統及相關設備的成本分析與管理。"
匯率,售電,"匯率資料, 外匯市場, 貨幣價格, 即期匯率, 金融風險管理, 跨國貿易結算, 財務分析, 經濟政策參考, 能源成本分析, 財會資源","【1. 核心描述】  
本資料集記錄了臺灣銀行每日掛牌的主要國際貨幣即期匯率，包括多種外幣對新臺幣的買入與賣出價格。數據涵蓋的時間範圍依資料更新日期而定，地理範圍以臺灣金融市場為主，反映當日匯率狀況。資料涵蓋美金、英鎊、歐元、日圓等多達十多種貨幣，提供完整的匯率價格資訊。

【2. 應用場景】  
此資料集可應用於多種情境，如企業進行跨國貿易結算時的匯率參考、金融機構的風險管理與外匯交易策略制定、財務分析中匯率變動趨勢的研究、以及政府或研究機構制定經濟與金融政策時的參考依據。此外，也可用於分析匯率與能源進口成本之間的關聯，幫助能源產業掌握成本變動風險。

【3. 背景資訊】  
資料由臺灣銀行授權提供，該銀行作為國內重要的金融機構，負責每日匯率的掛牌與公告。匯率資料的收集目的在於提供市場透明度，促進金融市場的順暢運作，並協助政府及企業掌握外匯市場變化，支持相關經濟決策與風險控管。

【4. 資料特徵】  
資料集包含24個欄位，主要為文字型態的日期與更新日期欄位，以及數值型態的各貨幣買入與賣出匯率。每筆資料以交易日為單位，呈現當日各貨幣的即期匯率價格。匯率數據均為浮點數格式，能精確反映匯價細微變動。資料更新頻率通常為每日一次，確保匯率資訊的時效性。

【5. 使用限制與注意事項】  
資料中可能存在部分日期未更新或缺漏匯率數值的情況，用戶在分析時需留意資料的完整性與連續性。本資料主要反映臺灣銀行的匯率掛牌價格，與其他金融機構或市場匯率可能存在差異，使用時應視情況搭配其他市場數據進行比對與驗證。若要深入分析匯率與其他經濟指標的關係，建議結合貿易、利率或宏觀經濟資料一起使用。

【6. 潛在價值】  
透過本資料集，使用者能掌握多國貨幣對新臺幣的匯率走勢，協助企業與金融機構在匯率風險管理與成本預估上做出更明確的決策。政府機關可根據匯率變動趨勢調整貿易政策與外匯管制措施。研究單位亦可利用此資料進行匯率變動模式分析，預測未來匯率趨勢，提升經濟與金融研究的深度。

【7. 其他補充（分類說明）】  
本資料集屬於財會資源類別，主要聚焦於金融市場中的外匯匯率資訊，與能源產業直接關聯較少，但在能源進口價格與成本分析中，匯率資訊仍為重要參考指標。此資料不屬於發電、輸電、配電或售電分類，而是提供跨領域金融經濟分析基礎的核心匯率數據。"
瑕疵回饋資料表,輸電,"設備瑕疵管理, 品質監控, 供應鏈管理, 維護規劃, 能源設備, 成本控管, 財會資源, 台灣電力, 設備可靠度, 風險評估","【1. 核心描述】  
這份名為「瑕疵回饋資料表」的資料集，記錄了在能源相關設備或物料使用過程中所發現的瑕疵情況。資料涵蓋了瑕疵的基本資訊，包括瑕疵單號、物料編號與名稱、製造及安裝日期、瑕疵發現時間、瑕疵數量及原因等。時間範圍涵蓋設備從製造、安裝到瑕疵發現的期間，地理位置主要與台灣電力公司相關設備及其供應商有關。整體資料反映的是設備在使用過程中品質或性能問題的追蹤與反饋。

【2. 應用場景】  
此資料集適用於設備品質管理、供應鏈監控與維護規劃等場景。企業或管理單位可利用這些資訊分析瑕疵原因及趨勢，評估供應商表現，提升設備可靠度。此外，亦可協助制定維修優先順序，優化保固服務，並作為能源設備風險評估與成本控管的依據。對於能源政策制定者，該資料有助於了解設備品質狀況，進而推動相關標準或規範的改進。

【3. 背景資訊】  
此資料由台灣電力公司相關單位收集，目的是加強對能源設備品質的管控，確保電力系統穩定運作並降低故障風險。作為國營企業，台電藉由收集瑕疵回饋資料，監督供應商的產品質量，並持續優化設備的選購與維護策略。資料同時反映了能源產業中對品質管理與成本效益的高度重視。

【4. 資料特徵】  
資料集包含17個欄位，主要為文字類型（例如瑕疵單號、物料編號、製造廠商名稱）、日期類型（製造日期、安裝日期、瑕疵發現日期、保固期限）及整數（瑕疵數量）。重要指標包括「瑕疵數量」、「初步瑕疵原因」、「製造與安裝時間點」等，這些有助於分析瑕疵發生的時序與可能成因。資料屬於授權類型，更新頻率視實際瑕疵回報情況而定，通常呈現持續累積的狀態。

【5. 使用限制與注意事項】  
由於資料主要依賴瑕疵事件的回報，可能存在部分瑕疵未被即時或完整記錄的狀況，造成缺漏值或資料不完整。此外，「初步瑕疵原因」屬主觀判斷，可能需結合其他檢測報告或維修紀錄才能全面理解瑕疵成因。使用時建議搭配設備運行情況、維修歷史及供應商評鑑等資料，以提升分析的準確度與完整性。

【6. 潛在價值】  
此資料集能有效輔助能源產業決策者在設備維護與採購方面做出更精準的判斷，降低故障率並提升系統穩定性。對供應鏈管理而言，能篩選出品質表現不佳的供應商，促使其改進產品質量。研究單位亦可利用此資料進行設備壽命分析及瑕疵模式辨識，促進技術改良與創新。整體而言，有助於提升電力系統的可靠性與經濟效益。

【7. 其他補充（分類說明）】  
該資料集屬於「財會資源」分類，主要聚焦於設備瑕疵與品質管理，間接影響成本控制與資產管理。雖然資料本身涉及設備製造與使用狀況，但並不直接屬於發電、輸電、配電或售電作業的運行數據，而是屬於設備管理與供應鏈品質監督的輔助資料。"
物料類型對應表,輸電,"物料分類, 財務核算, 資源管理, 庫存管理, 成本控制, 靜態分類資料, 分類標準, 財會資源, 能源企業後勤, 企業管理","【1. 核心描述】  
本資料集「物料類型對應表」記錄了不同物料類型的代碼及其對應說明。資料涵蓋所有在相關財會資源管理系統中使用的物料分類，並以代碼與文字說明形式呈現。此資料集屬於靜態分類資料，無特定時間或地理位置限制，主要用於輔助物料管理與財務核算。

【2. 應用場景】  
此資料集主要用於企業或機構的物料管理、財務會計系統中，協助辨識及分類各類物料。它可應用於庫存管理、採購流程、成本核算及報表製作等場景，確保物料資訊標準化，便於跨部門溝通與分析。

【3. 背景資訊】  
該資料集通常由企業內部財務或資源管理單位維護，目的是建立統一的物料分類標準，避免因物料命名不一致而造成資料錯誤或管理混亂。此分類表有助於提升財會資源的透明度與準確性，支持更有效的資源調度與財務決策。

【4. 資料特徵】  
資料集包含兩個欄位：一為物料類型代碼（mtart），為固定長度的字串，用以唯一標識物料類型；另一為物料類型說明（mtart_name），是文字描述欄位，提供代碼對應的名稱說明。資料屬於類別型資料，通常不頻繁更新，除非新增或調整物料分類。

【5. 使用限制與注意事項】  
由於資料集僅包含物料類型代碼及說明，缺乏具體物料詳情（如數量、價格、規格等），需要搭配其他物料管理或財務資料使用才能完整解讀。另外，在使用時應注意代碼與說明的一致性，避免因維護不當導致分類錯誤。資料本身無缺漏值，但分類標準可能因組織需求調整而變動。

【6. 潛在價值】  
統一且明確的物料類型分類有助於提升企業物料與財務管理的效率與準確度，支持數據分析與報表產出，進而促進成本控制與資源規劃。對於能源產業等大型組織而言，能有效整合物料資訊，降低管理風險，並為決策提供可靠基礎。

【7. 其他補充（分類說明）】  
本資料集屬於「財會資源」分類，主要聚焦於物料管理相關的分類標準，並非直接涉及發電、輸電、配電或售電等能源產業的技術運作數據。但在能源企業的後勤及資源管理環節中，仍扮演關鍵角色。"
計量單位對應表,售電,"計量單位標準化, 財務報表, 資源管理, 能源計量, 數據整合, 靜態參考資料, 發電, 輸電, 配電, 售電","【1. 核心描述】  
本資料集「計量單位對應表」（資料集編號：ldfa0015）主要記錄各種計量單位的標準代碼與說明。內容涵蓋計量單位的簡稱（如 kg、kWh 等）、符號與詳細說明，旨在統一不同計量方式的表述。此資料集不限定特定時間或地理位置，屬於靜態參考資料，適用於各類財會及資源管理相關領域。

【2. 應用場景】  
此資料集可用於財務報表製作、能源計量數據整理、資源使用統計及跨系統數據整合等場景。舉例來說，在能源產業中，正確對應電量、燃料重量或體積的計量單位，有助於發電效率分析、成本核算及用電行為研究。此外，政府或企業在制定能源政策與資源管理標準時，也能依此資料集確保計量單位的一致性與準確性。

【3. 背景資訊】  
資料集由相關財會或資源管理機構整理，以彙整並標準化常用計量單位，避免因單位混用導致的數據錯誤或誤解。背後反映出在能源及財務領域中，精確且統一的計量單位對於數據分析與決策的重要性。

【4. 資料特徵】  
資料集包含三個欄位：  
- meins：計量單位代碼，為字串型態，簡短且具代表性（如“kg”）。  
- meins_symbol：計量單位符號說明，字串型態，用以補充代碼的意義或使用情境。  
- meins_name：計量單位詳細說明，提供完整的單位名稱或定義。  
此資料集屬靜態資料，更新頻率較低，主要根據標準單位變動或新增需求進行更新。

【5. 使用限制與注意事項】  
由於資料集主要是對應表，並不包含具體的計量值或時間序列資料，使用時需搭配實際量測數據才能發揮效用。部分單位可能因行業差異而有不同定義，使用者應留意所對應的行業標準與上下文。此外，資料集無明顯缺漏值，但若計量單位變動，需確認版本更新以保持準確。

【6. 潛在價值】  
透過統一且清晰的計量單位對應，資料集可大幅提升數據交換的準確性與效率，減少因單位誤用造成的數據錯誤。對於能源企業、財務分析師及政策制定者而言，有助於提升報表品質、改善資源管理及促進跨部門協作，進而支持更精準的決策與研究。

【7. 其他補充（分類說明）】  
本資料集屬於「財會資源」分類，主要聚焦於計量單位的標準化，並非直接記錄發電、輸電、配電或售電等具體能源數據。但由於計量單位是能源產業中所有數據的基礎，該資料集在上述各分類的數據處理及報表製作中均扮演重要角色。"
儲運中心庫存溯源資料表,配電,"庫存管理, 物流優化, 物料追蹤, 供應鏈管理, 財務盤點, 倉儲作業, 資源管理, 能源儲運, 配電, 採購支持","【1. 核心描述】  
本資料集「儲運中心庫存溯源資料表」記錄了特定倉庫中物料的庫存狀況與流動資訊，涵蓋庫存的數量、位置、狀態及相關批號和合約資料。資料主要集中於兩個地點的倉庫（代號「00802」中儲與「00803」北儲），並包含物料的入庫、出貨及存放細節。時間範圍涵蓋物料的入庫日期、先進先出日期及到期日期，方便追蹤庫存有效性與流轉情況。

【2. 應用場景】  
此資料集適用於倉儲管理與物流優化，幫助企業追蹤庫存狀況、控制物料有效期，並支援採購及出貨決策。此外，可用於財務盤點、庫存成本分析及供應鏈管理，協助提升倉庫作業效率及減少物料浪費。在能源產業中，對於燃料或相關物料的儲運管理同樣重要，能保障能源供應鏈的穩定與安全。

【3. 背景資訊】  
資料來源於倉儲管理系統(WMS)，由相關企業或機構負責收集與維護，目的是確保物料從入庫到出庫的完整追蹤，提升庫存透明度與管理精準度。此資料集屬於授權類型，通常由財會或資源管理部門使用，以支持企業內部營運與合規需求。

【4. 資料特徵】  
資料欄位共有17項，包含數值型態（如實際數量actual_qty）、文字型態（如倉庫代號wh_id、物料編號item_number）、日期型態（如先進先出日期fifo_date、到期日期expiration_date）及狀態類別（如庫存狀態status）。主要指標涵蓋庫存數量、儲位種類、批號、合約信息及貨運單號。資料以庫存記錄為單位，具備唯一識別碼sto_id。更新頻率視系統設計而定，一般可達每日或實時更新。

【5. 使用限制與注意事項】  
資料可能存在缺漏值或時間記錄不完整的情況，如庫存狀態更新延遲或部分批號資料未填寫完整。由於資料僅涵蓋儲運中心內部狀況，若需全面分析供應鏈或市場動態，建議搭配採購、銷售和生產等其他資料來源。使用時需注意資料授權限制及個資保護規範。

【6. 潛在價值】  
透過此資料集，企業可精準掌握庫存狀況，有效預防物料過期或短缺，提升資源使用效率。財務部門可利用庫存數據輔助成本估算與盤點，供應鏈管理者可藉此優化物流安排與倉庫配置。對能源產業而言，確保燃料及關鍵物料的即時可用性，可降低生產中斷風險，提升整體運營穩定度。

【7. 其他補充（分類說明）】  
本資料集屬於財會資源分類，主要聚焦於物料庫存管理層面，與發電、輸電等能源產業的生產環節屬於相鄰支援性資料。其核心功能為支撐倉儲與資源管理，協助相關部門有效掌控物料流動與狀態。"
儲運中心入庫溯源資料,其他,"倉儲管理, 物料追蹤, 供應鏈溯源, 財務審核, 採購管理, 庫存控制, 合約管理, 資源流動, 財會資源, 後勤管理","【1. 核心描述】  
本資料集「儲運中心入庫溯源資料」記錄了特定倉庫中物料的入庫狀況，包括每批物料的預計及實際交貨數量、相關採購與契約資訊。資料涵蓋的倉庫位置主要為中儲（代號00802）與北儲（代號00803），時間範圍依據實際入庫事件而定，重點聚焦於物料從採購到入庫的過程追蹤。整體主題圍繞於倉儲物流與物料管理，適用於財會及資源管理領域。

【2. 應用場景】  
此資料集可用於多種場景，包括倉庫管理效率提升、物料交貨狀況監控、供應鏈溯源分析、財務審核與成本控管。此外，企業可利用該資料評估供應商交貨準確度、預測庫存需求，或作為契約履行情況的依據，進而優化採購與儲運策略。

【3. 背景資訊】  
資料蒐集主要源自於企業內部倉儲管理系統（WMS），由相關物流或財務部門負責維護。此類資料通常用於確保物料流動透明化，避免庫存錯誤或交貨爭議，並且支持企業在能源或其他產業中精準掌控資源流向，提升整體供應鏈穩定性。

【4. 資料特徵】  
資料包含10個欄位，涵蓋文字型態（如倉庫代號、採購單號、契約編號）、數值型態（如預計交貨數量、已交貨數量）等。關鍵欄位包括：倉庫代號（wh_id）、入庫單號（po_number）、物料編號（item_number）、批號（lot_number）、數量（qty及qty_received）、採購單號及契約相關資訊。資料以事件為單位呈現，屬於離散的入庫記錄，更新頻率視倉庫入庫動態而定，可能為每日或依實際入庫批次更新。

【5. 使用限制與注意事項】  
資料中可能存在缺漏值，例如尚未完成交貨的數量或契約資訊不完整，需注意資料的即時性與完整性。此外，該資料集主要反映倉庫入庫狀況，若要全面理解物料流向，可能需要結合出庫資料、供應商交貨記錄或生產使用資料。使用時應留意資料的授權限制及隱私保護規範。

【6. 潛在價值】  
透過分析該資料集，企業可有效追蹤物料入庫過程，強化供應鏈透明度與管理效率。對財務部門來說，有助於核對採購與實際交貨數量，避免資源浪費與財務損失。對供應鏈管理者而言，可評估供應商表現、優化庫存水平，進而提升整體營運效益，支持更精準的決策制定與策略規劃。

【7. 其他補充（分類說明）】  
此資料集屬於財會資源分類，主要聚焦於倉儲物流與物料財務管理，並非直接的發電、輸電或配電資料。它提供的是企業內部資源流動的財務與物流資訊，是能源產業中後勤與資源管理的重要基礎數據。"
儲運中心出庫溯源資料,其他,"儲運管理, 物料追蹤, 供應鏈優化, 倉庫出庫, 財務核算, 合約管理, 能源產業, 靜態批次資料, 財會資源, 無輸配電","【1. 核心描述】  
本資料集「儲運中心出庫溯源資料」記錄了儲運中心中各倉庫的出庫作業細節，涵蓋從訂單出庫單號、物料批次、數量到相關契約編號等資訊。資料主要反映倉庫（如中儲、北儲）出貨的追蹤狀況，時間範圍依實際資料更新而定，地理位置集中於相關倉儲設施所在地。透過此資料可追溯每筆出庫物料的來源與去向，協助管理物流流程。

【2. 應用場景】  
此資料集適用於物流與供應鏈管理、倉庫作業監控、財務審計與成本分析。此外，也可用於發電或能源產業中燃料及物料的儲存與出庫追蹤，協助供應鏈優化、庫存管控、採購合約驗證，以及提升出庫準確度和效率。

【3. 背景資訊】  
資料由授權機構基於財會資源管理需求所收集，目的是確保物料出庫過程的透明度與可追蹤性。背後多半為能源產業相關儲運中心或倉儲管理單位，藉此統整出入庫資訊，防止錯誤出貨並支持合約履約管理。

【4. 資料特徵】  
資料包含12個欄位，主要有：倉庫代號(文字)、收料單位(文字)、出庫單號(文字)、物料編號(文字)、批號(文字)、預計揀貨數量(數值)、已揀貨數量(數值)、入庫單號(文字)、採購單號(文字)、契約編號與契約批次(文字)等。資料型態以文字和數值為主，屬於結構化資料，通常為靜態批次更新，更新頻率取決於倉庫作業節奏。

【5. 使用限制與注意事項】  
資料可能存在部分缺漏值，特別是批號或契約相關欄位，需注意資料完整性。因為資料僅記錄倉庫出庫相關資訊，無法獨立反映整體供應鏈狀態，應搭配入庫資料、訂單履約及庫存資料使用，才能完整理解物流過程與供應鏈狀況。

【6. 潛在價值】  
藉由此資料集，企業可以精準追蹤物料流向，提升倉庫管理透明度，減少出庫錯誤與損失，支持合約履約與財務核算，並優化採購與出貨流程。對能源產業而言，有助於燃料及物料的有效管控與調度，促進生產效率與成本控制。

【7. 其他補充（分類說明）】  
本資料集屬於財會資源分類，主要聚焦於倉儲出庫管理，與發電、輸配電、售電等環節相比，偏重於物料的物流追蹤與財務核算支持，屬於儲運中心管理範疇。"
各項長短期借款平均利率(單月份),其他,"借款利率, 融資成本, 財務分析, 時間序列, 利率趨勢, 企業融資, 政策監控, 資金管理, 核能基金, 財會資源","【1. 核心描述】  
本資料集記錄了各類長短期借款的平均利率數據，涵蓋單一月份的利率變化情形。資料範圍包括短期及長期借款利率，涵蓋臺幣及外幣借款，以及特定用途借款如核能後端基金等。時間範圍以會計年度與月份為主，地理位置主要針對臺灣金融市場與企業借款環境。透過這些利率數據，可以觀察各種借款管道在不同時間點的成本變動。

【2. 應用場景】  
此資料集適用於財務分析、融資成本評估與資金管理，尤其對企業財務部門、銀行及金融機構有重要參考價值。也可用於宏觀經濟分析、利率趨勢監控及政策制定，協助政府部門及金融監理機關理解借貸市場狀況。能源產業或其他資本密集行業也能利用此資料評估資金成本與投資效益。

【3. 背景資訊】  
資料來源於主管機關或金融監理機構，目的是監控市場借貸利率變動，維持金融市場透明度與穩定性。長短期借款利率是反映市場資金價格的重要指標，尤其在資金籌措、風險管理及投資決策中扮演關鍵角色。此資料有助於了解借款成本動態，支持經濟政策與金融監管。

【4. 資料特徵】  
資料包含15個欄位，主要為會計年度（gjahr）、月份（monat）以及多種借款類型的平均利率指標，如短期臺幣借款利率、銀行透支利率、公司債利率、核能後端基金借款利率等。數據型態以字串表示時間（年度、月份），利率欄位均為數值型，精確至小數點後七位。資料以單月份為單位，具備時間序列特性，適合進行趨勢分析。

【5. 使用限制與注意事項】  
資料可能存在缺漏值或統計口徑調整，使用時需確認完整性與一致性。部分特殊借款類別（如核能後端基金）利率可能受政策影響，解讀時應注意背景因素。利率數據屬於平均值，無法反映個別借款案例差異，且需搭配市場利率環境與經濟指標共同分析，避免單一指標誤導。

【6. 潛在價值】  
透過此資料集，使用者可掌握多元借款利率變化，有助於企業制定最佳融資策略，降低借款成本。政府與金融機構可依據利率趨勢調整監管政策，促進資金市場穩定。研究機構亦可利用資料分析利率與經濟活動的關聯，支持經濟模型建構與風險評估。

【7. 其他補充（分類說明）】  
本資料集屬於財會資源類，重點在於借款利率的財務指標，與能源產業直接關聯較少，但其中包含核能後端基金借款利率，反映能源產業中特定資金來源的成本情況。適合用於跨領域的財務分析與政策評估。"
各項長短期借款平均利率(年度累計),其他,"借款利率, 短期借款, 長期借款, 利率趨勢, 財務分析, 能源融資, 核能基金, 風險管理, 金融監管, 財會資源","【1. 核心描述】  
本資料集記錄了不同類型借款的年度累計平均利率，涵蓋短期及長期借款，包括臺幣與外幣借款、銀行透支、商業本票、信用狀借款、公司債、核能後端基金借款等多種借款形式。資料以會計年度及月份為時間標記，主要反映特定年度內借貸成本的變化情況，地理範圍以臺灣為主，適用於分析臺灣金融及企業借貸環境。

【2. 應用場景】  
此資料集可用於金融分析、企業融資成本評估、風險管理、利率趨勢監控、以及宏觀經濟政策制定。能源產業相關機構亦可利用借款利率資訊，評估發電或基礎建設專案的融資條件。政府部門可依此調整財務監管政策，企業則能優化借款策略與資金布局。

【3. 背景資訊】  
資料由財務會計相關機構或政府部門收集，目的是監控及分析企業或公共部門的借款利率狀況，促進金融市場透明度，協助政策制定者及產業決策者掌握借貸成本變化趨勢，確保資金運用效率與金融穩定。

【4. 資料特徵】  
資料欄位包含會計年度（文字型態）、月份（文字型態）及多種借款類型的年度累計平均利率（數值型態，精確到小數點後七位）。關鍵指標包括短期及長期借款利率、銀行透支、商業本票、信用狀借款、公司債利率等，數據呈時間序列形式，適合做趨勢分析及比較研究。資料更新頻率為年度累計，並按月份細分。

【5. 使用限制與注意事項】  
資料可能存在缺漏值或因報送時間差異導致部分月份資料不完整。此外，利率數據為累計平均值，可能掩蓋月內波動，解讀時需注意時間粒度限制。若需深入分析借款成因或影響，建議搭配宏觀經濟指標、貸款額度及企業財報等資料共同使用。

【6. 潛在價值】  
透過本資料集，使用者可掌握借款利率的歷史變化及結構，協助企業制定更合理的融資計劃，降低借款成本。政策制定者能根據利率趨勢調整金融監管策略，有助於維持資金市場穩定。對研究者而言，資料有助於深入理解借貸市場動態及其對經濟發展的影響。

【7. 其他補充（分類說明）】  
本資料集屬於財會資源分類，主要聚焦於金融借貸利率資訊，並非直接涵蓋能源產業運作數據，但其中涉及如核能後端基金等特定借貸類型，與能源產業的融資活動相關，適合作為能源產業財務成本分析的輔助資料。"
電廠天然氣、燃料油及柴油報銷分析表,發電,"燃料管理, 發電, 成本分析, 燃料消耗, 財務報銷, 天然氣, 燃料油, 柴油, 能源政策, 燃料採購","【1. 核心描述】  
本資料集「電廠天然氣、燃料油及柴油報銷分析表」記錄了台灣地區各電廠在指定時間內（以年月為單位）所使用的天然氣、燃料油及柴油等燃料的報銷資料。資料涵蓋電廠燃料的採購與使用量，反映燃料消耗與財務報銷情況，時間範圍以驗收年月為主，地理範圍主要鎖定於各收料電廠或相關單位。

【2. 應用場景】  
此資料集適用於電力公司或能源管理部門進行燃料成本分析、發電燃料消耗監控及預算控管。也可用於發電效率分析、燃料採購策略制定、能源成本管理，以及協助能源政策制定者評估不同燃料的使用趨勢與經濟效益。此外，財會部門可透過資料掌握報銷流程與金額，強化財務透明度。

【3. 背景資訊】  
資料由電廠或相關能源管理機構蒐集，目的是整合燃料使用與財務報銷資訊，確保燃料採購及使用的合規性與效率。此類資料對於電力產業中燃料成本控制及報銷管理至關重要，並反映能源產業在降低成本及提升管理效率上的努力。

【4. 資料特徵】  
資料包含9個欄位，主要有：計核編號（文字）、憑證編號（文字）、序號（數值，主要用於天然氣計核）、契約編號（文字）、燃料別（文字，標示是天然氣、燃料油或柴油）、驗收年月（文字，格式為年月）、收料電廠/單位代碼（文字）、數量（數值，表示燃料使用量）、報銷單編號（文字）。資料以數值與類別資料組成，大部分為文字格式記錄識別代碼與時間。更新頻率依報銷作業進度而定，可能為月度或不定期。

【5. 使用限制與注意事項】  
資料中可能存在缺漏值，尤其在非天然氣燃料的序號欄位多為0，該欄位專用於天然氣計核拆帳，使用時需特別注意。報銷資料僅反映已完成驗收及報銷的燃料使用情況，未包含未報銷或待驗收的部分。資料解讀時最好搭配其他如發電量、燃料價格或契約條款等資料，才能全面評估燃料使用效益與成本結構。

【6. 潛在價值】  
透過本資料集，企業可有效追蹤燃料使用狀況與財務流向，優化燃料採購策略，降低燃料成本。能源政策制定者可利用資料分析燃料使用結構，推動更環保或經濟的能源政策。對研究單位而言，資料可支持燃料消耗模式分析及能源經濟研究，提升整體能源管理效率與決策品質。

【7. 其他補充（分類說明）】  
本資料集屬於「財會資源」分類，專注於燃料採購及報銷的財務數據，屬於電力產業中燃料管理與財務核算的資料範疇。其主要涵蓋發電端的燃料消耗與成本核算，對應發電管理與財務控制領域，非直接涉及輸電、配電或售電階段。"
船源煤源區分析表,發電,"煤炭進口, 供應鏈管理, 燃料物流, 財務資源, 發電, 能源政策, 風險管控, 時間序列分析, 台灣港口, 煤源國分析","【1. 核心描述】  
本資料集「船源煤源區分析表」記錄了運煤船隻相關的裝船與煤炭來源資訊，涵蓋了各航次煤炭的提單量、來源國家及抵達台灣的時間。資料主要聚焦於煤炭進口的物流過程，時間範圍涵蓋多個航次，地理位置以台灣為終點港口，並包含煤炭來源國的識別。此資料有助於了解煤炭進口的供應鏈狀況及來源分布。

【2. 應用場景】  
這份資料集適用於能源供應鏈管理、煤炭進口量分析、煤源國別分布研究。此外，能源政策制定者可利用此資料評估煤炭依賴度與風險管控，電力公司則可依據進口煤量做燃料調度與發電計畫。亦能用於財務與資源管理，協助企業掌握煤炭採購狀況。

【3. 背景資訊】  
資料由相關能源或航運管理機構蒐集，目的是監控及分析煤炭進口的物流及來源，以支援國家能源安全及經濟發展。煤炭作為重要的能源資源，其供應狀況直接影響發電與工業生產，因此需透過詳細的進口記錄來做有效管理。

【4. 資料特徵】  
資料包含9個欄位，涵蓋裝船單編號（文字類型）、煤約序號（數值類型）、船約編號及類別（文字類型）、航次編號（文字類型）、提單煤炭量（數值類型）、煤源國代碼與名稱（文字類型）及抵達台灣日期（文字類型）。資料多為結構化文字與數值，適用於時間序列分析。資料更新頻率未明確標示，可能依航次或月度更新。

【5. 使用限制與注意事項】  
資料中抵達日期欄位為文字格式，可能需轉換為日期格式以利時間分析。缺漏值及資料完整性需使用前確認，特別是提單量與抵達日期。煤約序號與船約類別等欄位需瞭解業務語境方能精確解讀。建議搭配其他進口貿易或能源消耗資料，以獲得更完整的分析視角。

【6. 潛在價值】  
透過分析煤炭來源與進口量，決策者可優化能源供應結構，降低對單一煤源國依賴風險。企業可提升採購效率並預測煤炭供應變動，進而調整生產計畫。此資料亦有助於能源市場趨勢分析和相關財會報告製作，支持政策制定與營運決策。

【7. 其他補充（分類說明）】  
本資料集屬於「財會資源」分類，主要聚焦於煤炭進口相關的財務與資源管理層面，涵蓋發電燃料的物流與供應鏈，並非直接的發電、輸電或配電數據，但為能源產業上游重要資料。"
發電機模型常數,發電,"發電機模型, 發電系統, 模擬參數, 系統穩定性, 數學模型, 技術常數, 電力工程, 發電, 能源分析","【1. 核心描述】  
這份資料集「發電機模型常數」記錄了用於描述發電機性能與行為的模型參數。資料主要聚焦於發電系統中各種發電機的技術常數，這些參數有助於模擬與分析發電機在不同運作條件下的表現。資料並未涵蓋特定時間或地理區域，而是提供通用的發電機模型基礎數據，適用於多種電力系統分析。

【2. 應用場景】  
這個資料集適用於電力系統工程師與研究人員在發電機性能模擬、發電效率分析、系統動態穩定性評估及電力系統規劃等多種情境下使用。它能幫助設計與優化發電機控制策略，並輔助在輸配電規劃與能源政策制定中，進行更精確的系統模擬與預測。

【3. 背景資訊】  
收集此資料的目的是為了建立標準化且準確的發電機數學模型，支持電力系統的安全穩定運行。資料通常由電力公司、發電設備製造商或相關能源研究機構提供，旨在促進產業內技術交流與提升電力系統分析的精確度。

【4. 資料特徵】  
資料集包含兩個欄位：file_name（檔案名稱）及contents（內容）。其中，contents欄位記錄各種發電機模型常數的詳細數據，通常以文字格式呈現，包含數值與參數說明。由於資料型態為文字，使用者需依照需求進行解析與轉換。該資料集屬授權類型，更新頻率視提供單位而定，可能不定期更新。

【5. 使用限制與注意事項】  
由於資料內容以文字形式呈現，且缺乏結構化的數據欄位，使用前需進行適當的解析與整理。此外，資料集本身未包含時間序列或運行狀態數據，無法直接反映實際發電機運行狀況，通常需搭配其他實測數據或系統運行情況資料才能完整分析。某些常數可能因設備型號不同而有所差異，使用時需注意適用範圍。

【6. 潛在價值】  
透過本資料集，工程師與研究者能有效建立和驗證發電機的數學模型，提升系統模擬的準確性，進而支持電力系統的設計、優化與故障分析。此外，資料有助於教育訓練與技術研發，促進發電技術的進步和能源系統的穩定運行。

【7. 其他補充（分類說明）】  
本資料集屬於「發電系統」分類，專注於發電機的模型參數，主要服務於發電階段的系統分析與模擬需求。與輸電、配電或售電階段的資料不同，其核心在於發電設備本身的技術特性描述。"
再生能源處陸域風電廠24小時內每15分鐘發電量,發電,"風力發電, 發電監控, 時間序列, 再生能源, 發電效率, 風電場管理, 發電系統, 台灣風電, 短期發電量, 發電量分析","【1. 核心描述】  
本資料集記錄了台灣陸域風力發電廠在24小時內，每隔15分鐘的即時發電量數據。透過電號與表號辨識不同風電設施，時間標記則精確到具體讀取時刻，涵蓋的主題為風電發電量監控與分析。資料反映了風力發電系統在特定時間段的發電狀況，適用於本地區的陸域風電場管理與評估。

【2. 應用場景】  
此資料集可用於風電發電效率的即時監測與歷史趨勢分析，有助於發電廠優化運維策略。此外，資料亦可支持輸配電系統規劃，協助預測風電供應對電網的影響。能源政策制定者可利用資料評估再生能源發展成效，並促進用電行為研究，了解風能發電對整體電力結構的貢獻。

【3. 背景資訊】  
風力發電作為再生能源的重要組成部分，受到政府與能源業界高度重視。此資料由再生能源相關機構收集，目的是提升風電系統的透明度與管理效率，並支持國家再生能源目標的推動。透過詳實的發電量監測，促進風電產業的持續優化與發展。

【4. 資料特徵】  
資料包含四個欄位：  
- customer_id（文字型態）：代表用戶或電號，識別不同風電設施。  
- meter_name（文字型態）：表號，進一步區分測量設備。  
- reading_time（文字型態）：發電量讀取的時間點，格式為時間戳記。  
- kwh（數值型態）：該時間點的發電量，以千瓦時計算。  
資料屬於時間序列型態，更新頻率為每15分鐘一次，覆蓋完整24小時內的連續數據。

【5. 使用限制與注意事項】  
資料可能存在缺漏值或讀取異常，特別在設備維護或通訊不良時段。由於資料僅涵蓋24小時內的短期發電量，長期趨勢分析需搭配更多日或月資料。單一資料集未包含氣象條件或風速等外部因素，建議結合氣象資料以完整解釋風電發電量變化。

【6. 潛在價值】  
透過此資料，使用者可以掌握風力發電廠的即時運作狀況，提升發電效率與穩定性。電力公司與政府機構可據此進行供需調度與政策評估，推動綠能轉型。企業亦能利用資料分析風電投資回報與風險，促進再生能源市場的健康發展。

【7. 其他補充（分類說明）】  
本資料集屬於「發電系統」分類，專注於風力發電的即時與短期發電量數據，與輸電、配電或售電資料分別管理，有助於清楚界定能源系統中各階段的數據來源與應用範圍。"
電力調度處發電月報-各機組每小時發電量(台電自有),發電,"發電量, 時間序列, 機組監控, 發電效率, 台電資料, 發電系統, 電力調度, 能源政策, 發電機組, 發電","【1. 核心描述】  
本資料集記錄了台灣電力公司自有發電機組在每個月內各日、每小時的發電量數據。資料涵蓋了具體的年月日時，及不同機組類型與名稱，反映了台灣發電系統在特定時間範圍內的發電狀況。透過這份資料，可以清楚了解不同機組在一天24小時內的發電分布情形，範圍主要集中於台電自有發電設備的運作數據。

【2. 應用場景】  
此資料集適用於多種情境，包括發電效率分析、機組運轉狀況監控、能源供需平衡評估、輸配電規劃與調度優化、用電高峰時段分析，以及支持能源政策與投資決策。研究者可利用此資料探討機組負載特性，企業則可評估設備維護需求與成本，政府部門則能基於數據制定更精準的電力政策。

【3. 背景資訊】  
此資料由台灣電力公司（簡稱台電）所收集與管理，台電作為台灣主要的發電與配電業者，負責全台電力系統的穩定運作。資料收集目的是為了提供精確的發電量記錄，支持電力調度與系統優化，進而確保電力供應安全與效率，並作為能源管理與政策制定的重要依據。

【4. 資料特徵】  
資料集包含29個欄位，主要欄位包括：年（year）、月（month）、日（day）、機組別（unit_type_name）、機組名稱（unit_name），以及從凌晨1時（h01）至午夜24時（h24）每小時的發電量（單位為kWH）。資料型態包含整數（年、月）、數值（日、每小時發電量）及文字（機組類別與名稱）。資料以時間序列形式呈現，能反映日內與月內的發電變化趨勢。更新頻率通常為每月彙整一次。

【5. 使用限制與注意事項】  
資料可能存在部分缺漏值或異常點，使用時需注意資料完整性與正確性。由於資料僅涵蓋台電自有機組，未包含其他獨立電力生產商或再生能源設備，對整體電力系統的全面分析可能需輔以其他資料。使用者應留意資料的時間範圍與更新頻率，避免以過時資料做出決策。此外，資料僅反映發電量，未包含負載需求或用電行為，需搭配其他用電資料以獲得完整電力系統視角。

【6. 潛在價值】  
這份資料能幫助電力公司及相關單位優化發電調度，提升設備利用率與能源效率，減少浪費與成本。對學術研究而言，可用於分析發電趨勢、負載特性及機組性能評估。政策制定者可依此掌握發電結構與時間分布，制定合理的能源政策與發展計劃。商業應用上，資料有助於風險評估、投資決策及市場競爭分析。

【7. 其他補充（分類說明）】  
本資料集屬於「發電系統」分類，專注於發電環節的運作數據，特別是台電自有機組的發電量。它不涵蓋輸電、配電或售電環節的相關數據，因此在進行電力系統全貌分析時，建議搭配相關的輸配電資料使用，以達成更完整的能源管理與規劃目標。"
電力調度處發電月報-各機組每小時發電量(民營購電含轉直供),發電,"發電量, 時間序列, 機組監控, 發電效率, 再生能源, 電力調度, 發電系統, 台灣電力, 智慧電網, WAND_發電","【1. 核心描述】  
本資料集記錄了台灣地區各發電機組每日每小時的發電量數據，涵蓋的時間以年、月、日為單位，並細分至每小時的發電量（kWh）。資料包括了不同類型的發電機組（如火力、水力、再生能源等）及民營購電和轉直供的電量。此資料集主要反映了發電系統的實際運作狀況，時間範圍可依資料更新的具體年份及月份而定，地理範圍集中於台灣電力調度管轄區域。

【2. 應用場景】  
此資料集適合用於發電效率分析、機組運行狀況監控、電力調度優化、輸配電規劃，以及用電行為的宏觀研究。對政府或能源企業而言，資料可協助制定能源政策、評估再生能源滲透率，並優化發電資源配置。此外，學術研究與市場分析也能利用此資料分析電力供需變化趨勢。

【3. 背景資訊】  
資料由台灣電力調度處蒐集與維護，屬於授權類型的官方資料，反映台灣電力產業的發電狀況。收集此資料是為了確保電力系統穩定運作，並提供決策者及相關單位精準的發電數據參考，支援電力市場的透明化與效率提升。

【4. 資料特徵】  
資料欄位共有28項，包含時間欄位（年、月、日）、機組類別（unit_type_name）以及24個小時的發電量數值欄位（h01至h24），數據型態主要為整數或浮點數。發電量以千瓦時（kWh）為單位呈現，是典型的時間序列數據。資料更新頻率通常為月報，反映該月每日及每時段的發電情形。

【5. 使用限制與注意事項】  
資料中可能存在缺漏值，尤其在設備維護或故障期間的發電量記錄需特別留意。此外，單一資料集僅涵蓋發電端，若需完整理解整體電力系統運作，建議搭配輸配電及用電端資料分析。使用時應注意不同機組類型的特性差異，避免直接比較而導致誤判。

【6. 潛在價值】  
透過解析本資料集，決策者能有效掌握發電機組的運作效率與負載分配，協助調度中心優化電力供應策略。對於能源政策制定者，此資料可用來評估能源結構調整成效，並推動綠能發展。企業和研究機構則能利用資料開發智慧電網相關應用，提升電力市場的競爭力與穩定性。

【7. 其他補充（分類說明）】  
本資料集屬於「發電系統」分類，專注於電力生產端的數據記錄，涵蓋民營購電與轉直供機組。與輸電、配電及售電等其他電力系統環節資料互補，共同構成全面的電力系統資訊基礎。"
各變電所所轄太陽光電即時推估發電量,發電,"太陽光電, 即時發電量, 發電系統, 變電所, 可再生能源, 電網管理, 綠能政策, 智慧電網, 發電, 台灣","【1. 核心描述】  
這個資料集記錄了台灣各變電所所轄範圍內太陽光電系統的即時推估發電量。資料涵蓋不同變電所名稱，並依時間點提供該區域內太陽光電裝置的預估發電數值及其裝置容量。時間範圍以推估時間為主，呈現即時或近即時的狀態，地理位置則依據變電所區域劃分。

【2. 應用場景】  
此資料集適合用於分析太陽光電系統的發電效率與產能變化，協助電力公司進行輸配電規劃，優化電網管理。此外，也能用來研究區域性用電行為與綠能發展趨勢，並為能源政策制定者提供即時的發電量參考，推動可再生能源的整合與發展。

【3. 背景資訊】  
由於太陽光電發電量受天氣及時間影響大，電力系統管理機構蒐集此資料以掌握太陽能發電的即時狀況，確保電網穩定運行並促進再生能源的有效利用。資料來源通常來自電力公司或相關能源管理單位，反映行業對綠電發展與智慧電網的重視。

【4. 資料特徵】  
主要欄位包含：  
- 變電所名稱（substation_name，文字類型）  
- 推估發電時間（estimate_datetime，時間標記文字）  
- 推估發電量（estimate_power，數值型，單位通常為千瓦或兆瓦）  
- 太陽光電裝置容量（capacity，數值型，代表該區域安裝的最大發電能力）  
- 批次時間（batch_time，文字類型，紀錄資料更新時點）  
更新頻率通常為即時或近即時，適合用來監控短時間內的發電變化。

【5. 使用限制與注意事項】  
資料可能存在缺漏值，特別是在特殊天氣或設備維護期間，推估數據的準確度也會受到影響。此外，僅有變電所層級的整體推估發電量，若需要更細緻的單一裝置資料，可能需搭配其他資料集。使用者應注意時間格式一致性並確認單位標準。

【6. 潛在價值】  
透過分析即時推估發電量，電力管理單位能更準確調度能源資源，提升電網穩定性與效率。政策制定者可據此評估太陽光電系統的實際貢獻，推動更有效的綠能政策。商業應用方面，亦可用於市場預測、投資評估及改善太陽能設施運維策略。

【7. 其他補充（分類說明）】  
本資料集屬於「發電系統」分類，專注於太陽光電這一可再生能源發電部分，涵蓋變電所層級的發電量推估，主要用於掌握綠能發電的實時狀況，支持發電端的管理與優化。"
全台太陽光電推估發電量,售電,"太陽光電, 發電量推估, 時間序列, 再生能源, 能源管理, 智慧電網, 發電系統, 台灣能源, 綠色能源, 能源調度","【1. 核心描述】  
本資料集記錄了全台灣太陽光電系統的推估發電量，涵蓋台灣地區的太陽能發電狀況。資料以時間序列形式呈現，包含特定推估時間點的發電量數據，反映太陽光電在不同時間的發電表現。資料主要關注太陽能發電的即時或近即時狀況，無明確起訖時間，但可視為持續更新的發電量推估紀錄。

【2. 應用場景】  
此資料集適合用於太陽能發電效率的分析、發電量預測與管理，協助電網調度與輸配電規劃，並可用於研究用電行為與綠色能源佔比。此外，政府與能源管理單位可利用此資料作為能源政策制定與推動再生能源發展的依據。

【3. 背景資訊】  
資料由相關能源監管或研究機構收集，目的是掌握全台太陽光電發電量的即時狀況，以支持能源產業的數據透明化及智慧化管理。隨著再生能源重要性提升，準確掌握太陽能發電量有助於提升能源結構的可持續發展。

【4. 資料特徵】  
資料包含三個主要欄位：  
- estimate_datetime（推估時間，文字格式）：表示該筆推估數據所對應的時間點。  
- estimate_power（推估發電量，數值格式）：該時間點預估的太陽光電發電量，單位可能為千瓦或兆瓦。  
- batch_time（批次時間，文字格式）：資料批次產生或更新的時間標記。  
資料為時間序列性質，通常以固定頻率（如每小時或每分鐘）更新。

【5. 使用限制與注意事項】  
資料為推估值，可能存在誤差，且未明確標示缺漏值情況。使用時需注意推估模型的準確度及更新頻率，建議搭配氣象資料（如日照強度、雲量）或實際發電監測數據，以提升解釋與分析的完整性。此外，資料時間標記為文字格式，需適當轉換為時間格式以利分析。

【6. 潛在價值】  
本資料集能幫助能源管理者及研究人員掌握太陽光電發電趨勢，優化電力調度與資源分配，促進再生能源整合進電網。對於商業應用，亦可用於評估太陽能發電投資效益，支援智慧電網與能源交易平台的運作。

【7. 其他補充（分類說明）】  
此資料集屬於「發電系統」分類，專注於太陽能發電量的推估，與輸電、配電及售電系統資料有所區隔，主要服務於發電端的監測與管理需求。"
各鄉鎮市別太陽光電推估發電量,發電,"太陽光電, 發電系統, 再生能源, 能源推估, 區域分析, 時間序列, 綠能政策, 能源規劃, 發電量預測, 發電","【1. 核心描述】  
這個資料集記錄了台灣各縣市鄉鎮市區的太陽光電系統推估發電量。資料涵蓋地理範圍為全台灣，時間則以推估時間點（estimate_datetime）呈現，反映不同時間的太陽能發電狀況。資料主要聚焦於太陽光電發電系統的輸出能力與估算的發電量，幫助了解不同地區太陽能發電的潛力與實際表現。

【2. 應用場景】  
此資料集可用於多種情境，包括太陽能發電效率分析、區域性能源產量評估、再生能源發展規劃、地方政府能源政策制定及推動，以及用於輸配電系統的負載預測與管理。此外，也能輔助研究用電行為與綠能使用趨勢，支持企業或機構進行投資評估與環境影響分析。

【3. 背景資訊】  
該資料集由相關能源監管機構或再生能源管理單位收集，目的是為了監控並優化太陽光電發電系統的運作與管理，促進綠色能源的發展。隨著全球對減碳與能源轉型的重視，提供精確且區域性細分的太陽能發電資訊，能幫助政策制定者及產業界做出更有效的決策。

【4. 資料特徵】  
資料包含六個主要欄位：  
- 縣市（county）與鄉鎮市區（district）：地理分類，文字型態。  
- 推估時間（estimate_datetime）與批次時間（batch_time）：時間標記，文字格式，可轉換為時間序列分析。  
- 推估發電量（estimate_power）與裝置容量（capacity）：數值型態，分別表示預估的發電量與太陽光電裝置的容量大小。  
資料通常依照特定時間批次更新，呈現動態的發電量推估狀況。

【5. 使用限制與注意事項】  
資料可能存在推估值與實際發電量之間的差異，且推估依賴氣象條件與模型準確性，故需謹慎解讀。部分地區可能因裝置密度或資料收集限制，造成資料缺漏或不完整。建議搭配氣象資料、實際用電數據或其他能源資料，以獲得更全面的分析結果。

【6. 潛在價值】  
這份資料有助於提升太陽光電資源的利用效率，支援政府與企業進行能源規劃與投資決策。透過分析不同區域及時間的發電量推估，能有效調整能源供應策略，促進再生能源目標的達成，並推動低碳經濟發展。此外，也能增進對綠能市場趨勢的理解，創造更多商業機會。

【7. 其他補充（分類說明）】  
本資料集屬於「發電系統」分類，專注於太陽光電發電階段的資料收集與分析，與輸電、配電或售電等後續環節有所區分。主要用於評估與監控太陽能發電的效能與產出，為再生能源發展提供基礎數據支持。"
每日備轉容量及備轉容量率,發電,"發電, 備轉容量, 供需平衡, 電力調度, 風險管理, 時間序列, 電力系統穩定, 台灣電力, 配電, 能源政策","【1. 核心描述】  
這個資料集記錄了台灣電力系統每日的備轉容量及備轉容量率數據。備轉容量指的是在正常用電需求之外，系統可隨時調度的額外發電能力，備轉容量率則是該容量佔當日總用電負載的比例。資料涵蓋的時間點以每日為單位，地理範圍涵蓋台灣整體電力系統。此資料能反映電力系統的供電安全和調度彈性狀況。

【2. 應用場景】  
此資料集適合用於電力系統的供需平衡分析、發電廠運作及備用容量管理、輸配電系統規劃，以及能源政策制定與風險管理。透過備轉容量率的監控，相關單位能評估電力供應的穩定性，並預防供電不足或黑outs的發生。此外，研究人員與產業分析師也可用於分析用電高峰期間的系統彈性及備用能力。

【3. 背景資訊】  
此資料由台灣電力公司（台電）整理與發布，作為風險事件對應指標之一，用來監控並確保電力系統的安全運轉。因應台灣電力供需日益緊繃與多變的用電環境，備轉容量的數據成為關鍵的指標，協助電力機關及政策制定者評估系統風險及調整應變策略。

【4. 資料特徵】  
資料集包含三個主要欄位：  
- operating_reserve（備轉容量，單位為兆瓦，數值型態）  
- percent_operating_reserve（備轉容量率，百分比表示，數值型態）  
- time（時間，文字型態，通常為日期格式）  
數據為每日更新，形成時間序列資料，方便追蹤長期趨勢與即時狀況。

【5. 使用限制與注意事項】  
資料中可能因資料收集或報告時間差異導致短期缺漏值，且僅包含每日備轉容量相關指標，無法單獨反映全部發電機組狀況或用電需求變化，建議搭配用電負載、發電量及氣象等資料進行綜合分析。此外，備轉容量率並非絕對安全指標，仍需結合其他系統運轉參數評估風險。

【6. 潛在價值】  
透過分析每日備轉容量及其比例，電力管理單位可以有效掌握系統的備用能力，提早預警供電風險，優化發電調度策略。對研究機構與政策制定者而言，該數據有助於制定更具前瞻性的能源政策，促進電力系統穩定與可持續發展。商業應用方面，能源交易與風險管理也能從中獲得重要參考依據。

【7. 其他補充（分類說明）】  
本資料屬於發電及電力系統運維範疇，特別聚焦於電力系統備用容量管理，是台電公司針對風險事件監控與應對的重要指標之一，屬於電力系統穩定性監控資料。"
每日預測尖峰負載值與昨日實際尖峰負載值,發電,"尖峰負載, 負載預測, 時間序列, 風險管理, 發電, 輸配電, 用電行為分析, 台灣電力, 智慧電網, 需求側管理","【1. 核心描述】  
此資料集記錄了每日台灣電力系統的尖峰負載預測值與前一日的實際尖峰負載值。尖峰負載指的是一天中電力需求最高的瞬間用電量，單位為兆瓦（MW）。資料涵蓋時間範圍以每日為單位，並以文字格式標示日期。地理範圍主要針對台灣地區的電力負載狀況，反映當地用電尖峰的變動情形。

【2. 應用場景】  
這個資料集適用於電力公司及相關單位進行尖峰負載預測的準確性評估，協助提升發電與輸配電系統的調度效率。此外，可用於用電行為分析，幫助能源政策制定者了解用電高峰變化趨勢，並進一步規劃節能措施或需求反應策略。亦可支援風險管理，預防尖峰負載超出系統承載能力導致停電事件。

【3. 背景資訊】  
資料由台灣電力公司（簡稱台電）蒐集與授權發布，台電作為國內主要電力供應商，負責全國電力系統的穩定運作與管理。因尖峰用電對電力系統安全有高度影響，預測尖峰負載與實際負載的差異是風險監控的重要指標，能協助台電及相關單位即時調整運作策略，避免系統過載。

【4. 資料特徵】  
資料集包含三個欄位：  
- pkld_pred_t（數值型，實數）：今日預估尖峰負載，單位兆瓦（MW）。  
- pkld_act_y（數值型，實數）：昨日實際尖峰負載，單位兆瓦（MW）。  
- time（文字型）：日期標記，表示資料所屬的時間點。  
資料以日為單位更新，為時間序列資料，能用於趨勢分析及預測模型評估。

【5. 使用限制與注意事項】  
由於資料只包含每日尖峰負載的預測與實際值，缺乏更細緻的時段分布或其他相關用電資訊，若需深入分析需搭配其他用電量、氣象或經濟活動資料。資料中可能存在缺漏值或預測誤差，使用時應注意資料完整性及預測模型的適用性。此外，資料時間格式為文字型，需轉換為時間格式以利分析。

【6. 潛在價值】  
透過比較每日預估與實際尖峰負載，能源管理單位能持續優化負載預測模型，提升電力系統運作效率與安全性。此資料有助於預防尖峰過載引發的風險事件，支援政策制定者制定更有效的用電調節與節能方案，並促進智慧電網及需求側管理策略的發展，最終達成穩定且經濟的能源供應。

【7. 其他補充（分類說明）】  
本資料集屬於「台電公司風險事件對應指標」分類，專注於電力系統中與風險管理相關的負載預測指標。其主要應用領域涵蓋發電與輸配電的負載管理，屬於電力系統運營中的關鍵監控數據，對維護台灣電網穩定具有重要意義。"
公司重大供電工程執行進度表,售電,"供電工程, 工程進度監控, 風險管理, 台灣電力, 發電, 輸配電, 專案管理, 進度分析, 基礎建設, 電力系統","【1. 核心描述】  
本資料集記錄了台灣電力公司旗下重大供電工程的執行進度情況，涵蓋各項供電相關大型工程的名稱、預計完成進度、實際完成進度以及兩者之間的差異。資料以年月為時間標記，反映工程在特定截止日期的進展狀況，有助掌握工程執行的時間節點和進度控制。目前資料主要聚焦於台灣地區的電力工程項目。

【2. 應用場景】  
此資料集可用於監控和評估重大供電工程的執行情況，協助管理層掌握進度偏差，從而調整資源配置和施工計劃，確保工程按時完成。其應用範圍包括工程進度分析、風險管理、供電系統穩定性評估及相關決策支持，並可輔助能源政策制定者判斷基礎建設推進狀況。

【3. 背景資訊】  
資料由台灣電力公司編制，目的是為了強化對重大供電工程的監督和風險控管。台電作為國家重要的電力供應機構，需確保電力基礎設施的穩定與可靠，故透過此資料集追蹤工程進度，降低因工程延誤所帶來的供電風險。

【4. 資料特徵】  
資料包含五個欄位：  
- 工程名稱（project_name）：文字類型，標示每個工程項目名稱。  
- 預計進度（predict_progress）：數值類型，表示工程預期在特定截止日期完成的百分比。  
- 實際進度（actual_progress）：數值類型，表示該日期實際達成的工程完成度百分比。  
- 進度差異（progress_difference）：文字類型，描述預計與實際進度之間的差距狀況。  
- 截止日期（time）：文字類型，格式為「年月」，標示進度評估的時間點。  
資料更新頻率視工程進展而定，通常以月為單位更新。

【5. 使用限制與注意事項】  
資料中「進度差異」欄位為文字描述，可能存在主觀判斷，需小心解讀。部分工程進度可能因特殊因素暫停或調整，資料未必即時反映最新狀況。此外，僅有進度相關資訊，缺乏工程成本、施工條件等其他參數，建議搭配其他資料使用以獲得更完整的分析視角。

【6. 潛在價值】  
透過此資料集，管理者能及早發現工程進度落後的風險點，提升專案管理效率，避免供電工程延誤造成的系統不穩定或供電中斷。學術研究者和政策制定者亦可利用此資料分析工程執行趨勢，優化未來電力基礎建設規劃與投資決策。

【7. 其他補充（分類說明）】  
本資料集屬於台電公司風險事件對應指標分類，專注於發電及輸配電系統中重大工程的進度監控，屬於「供電工程執行監控」範疇，不直接包含用電數據或售電資訊。"
公司前30日對外服務網站受攻擊次數,輸電,"網路安全, 資安監控, 風險管理, 時間序列, 網路攻擊分析, 電力資訊系統, 台灣電力, 資安事件追蹤, 發電, 輸電, 配電, 售電","【1. 核心描述】  
此資料集記錄了台電公司對外服務網站在最近30日內所遭受的各類網路攻擊次數。資料涵蓋每次攻擊事件的起訖時間、攻擊類型名稱以及該類攻擊發生的次數，反映台電公司網站面臨的網路安全威脅狀況。時間範圍為連續30天，地理位置主要聚焦於台灣電力公司所管理的對外服務平台。

【2. 應用場景】  
此資料集適用於網路安全風險評估、資安事件追蹤與預警系統建置，亦可協助台電及相關單位分析攻擊趨勢、強化防禦機制。此外，資料可用於制定網路安全策略、評估防護成效，甚至在能源產業內部用以保障關鍵基礎設施的穩定運作。

【3. 背景資訊】  
台電公司作為台灣主要的電力供應商，其服務網站是關鍵的客戶互動與資訊平台。隨著網路攻擊手法日益多樣化與複雜，蒐集並分析這些攻擊事件成為維護系統安全的重要工作。該資料集由台電公司或其授權機構定期整理發布，旨在提升整體電力系統的資安防護能力。

【4. 資料特徵】  
資料包含四個欄位：  
- s_time（起始時間，文字格式）：攻擊事件的開始時間。  
- e_time（結束時間，文字格式）：攻擊事件的結束時間。  
- name（攻擊名稱，文字類型）：描述攻擊的類型或名稱。  
- num_of_attack（攻擊次數，整數）：該攻擊類型在時間區間內發生的次數。  
資料屬於時間序列性質，反映每日或特定期間內的攻擊頻率，更新頻率依據資料提供方設定，通常為每日或每月匯整。

【5. 使用限制與注意事項】  
資料可能存在攻擊類型命名不完全一致的情況，且部分攻擊事件因檢測或紀錄機制限制，可能未被完整捕捉。缺漏值或時間標記不精確亦有可能影響分析結果。為全面理解攻擊影響，建議搭配其他資安事件資料、系統日誌或防火牆紀錄一併分析。

【6. 潛在價值】  
透過分析此資料集，台電公司及相關決策者能掌握網站面臨的資安威脅趨勢，及時調整防禦策略，降低服務中斷風險。研究人員亦可利用此資料探討網路攻擊模式，協助開發更有效的防護技術。對於能源產業整體而言，確保資訊系統安全是維持供電穩定與公共安全的關鍵。

【7. 其他補充（分類說明）】  
本資料集屬於台電公司風險事件對應指標，主要聚焦於資訊安全領域，屬於電力產業中「風險管理與資安監控」分類。與發電、輸電、配電及售電等核心業務相輔相成，保障電力系統的資訊基礎架構安全。"
公司每日整體EDR軟體部署率及病毒防護更新執行率,輸電,"資安監控, 端點防護, 病毒防護, 資安風險管理, 風險事件指標, 台電, 基礎設施安全, 日常監測, 風險控制, 企業資安","【1. 核心描述】  
這個資料集記錄了台電公司每日整體的EDR（端點偵測與回應軟體）部署率與病毒防護更新執行率，涵蓋的時間範圍以每日為單位，反映公司在資訊安全軟體安裝及更新的現況。資料主要聚焦於台灣電力公司內部的資安防護指標，展示企業整體對抗資安威脅的能力。

【2. 應用場景】  
此資料集適用於監控及評估企業端點安全軟體的部署與更新狀態，有助於資安風險管理與事件回應。可用於追蹤防護軟體的覆蓋率，發現可能存在的漏洞或弱點，並協助制定資訊安全策略。此外，台電公司也能利用此資料來支持風險事件的預防與控制，確保關鍵基礎設施的運作安全。

【3. 背景資訊】  
台電公司作為國家重要的能源供應單位，其資訊系統安全對維持電力穩定供應至關重要。因應日益嚴峻的資安威脅，台電須持續監控其端點防護軟體的部署與更新狀況，以降低遭受惡意攻擊的風險。此資料集由台電公司內部資訊安全管理部門定期收集與維護，屬於風險事件對應指標的一環。

【4. 資料特徵】  
資料包含三個欄位：  
- edrrate（數值型態）：表示全公司端點偵測與回應軟體的部署比例，範圍通常介於0到1之間，反映部署完整度。  
- antirate（數值型態）：表示全公司防毒軟體病毒碼更新的執行比例，同樣以0到1表示，反映病毒防護的及時性。  
- time（文字型態）：記錄資料的日期，格式為文字，標示每日的統計時間點。  
資料以每日為更新頻率，方便即時監控安全狀況。

【5. 使用限制與注意事項】  
資料可能存在缺漏值，尤其在系統維護或資料收集異常時。此外，單純依賴部署率和更新率可能無法完整反映資安風險，需結合其他安全事件或系統日誌資料一同分析。使用者應注意資料的時間同步性與一致性，並避免過度解讀單一指標。

【6. 潛在價值】  
透過持續追蹤EDR部署率與病毒防護更新率，管理層可及早發現防護薄弱環節，提升資安防禦能力，降低系統遭受攻擊的風險。對研究人員而言，可分析防護軟體覆蓋與攻擊事件間的關聯性，並優化安全策略。商業上，維持高防護率亦有助於提升企業信譽與客戶信心。

【7. 其他補充（分類說明）】  
此資料集屬於台電公司「風險事件對應指標」分類，專注於資安防護層面，不直接涵蓋發電、輸電、配電或售電等能源供應鏈的其他環節，但對於保障電力系統的資訊安全具有關鍵作用。"
公司年度資安事件數量、資安事件通報數量及損害控制機制落實執行率,輸電,"資訊安全, 風險管理, 資安事件, 損害控制, 台電公司, 電力產業, 監控分析, 發電, 輸電, 配電","【1. 核心描述】  
此資料集記錄台電公司每年度發生的資訊安全事件數量、資安事件的通報（結報）數量，以及針對這些事件所執行的損害控制機制落實率。資料涵蓋的時間範圍依年份變動，主要反映台電公司在資訊安全管理方面的表現與風險控管情況，地理範圍則為台灣地區。

【2. 應用場景】  
這份資料集可用於監控與分析台電公司資訊安全風險趨勢，評估資安事件的發生頻率與通報效率，以及損害控制措施的執行成效。應用場景包括企業內部風險管理、資安防護策略調整、監管機構的合規性審查，甚至可作為能源產業中資訊安全強化及政策制定的參考依據。

【3. 背景資訊】  
由於能源產業的關鍵基礎設施對國家安全與民生至關重要，台電公司作為台灣主要電力供應商，必須嚴格監控資安事件以防範潛在風險。該資料集由台電公司蒐集並公開，旨在提升資安透明度及風險管理品質，以促進整體電力系統的穩定與安全。

【4. 資料特徵】  
資料包含四個欄位：年度（year，整數）、資安事件數量（num_of_infosec，整數）、結報數量（結報數量，整數）及損害控制機制執行率（exe_rate，百分比的小數）。資料以年度為時間序列，呈現每年資安狀況與管理成效。更新頻率通常為年度一次。

【5. 使用限制與注意事項】  
資料可能存在通報延遲或漏報情況，因此資安事件數量與結報數量可能與實際發生狀況有差異。此外，損害控制機制的執行率數據需結合其他內部管理資料才能全面評估其成效。使用時建議搭配相關資安政策與事件詳細報告，以獲得更完整的分析視角。

【6. 潛在價值】  
透過分析歷年資安事件趨勢與控制機制執行情況，台電公司及相關單位可以發掘弱點、強化防護措施，降低資安風險。此資料亦有助於監督機構評估企業資安管理成效，並支援政策制定者制定更有效的資安標準與法規，保障電力系統穩定運作。

【7. 其他補充（分類說明）】  
本資料集屬於「台電公司風險事件對應指標」分類，聚焦於資安事件管理，屬於能源產業中風險控制與資訊安全管理的範疇，與發電、輸電、配電等電力產業技術層面相互補充，強調資訊系統與資安風險的監控與管控。"
統計年報-發電統計-歷年裝置容量,發電,"發電, 裝置容量, 能源統計, 再生能源, 核能, 火力發電, 抽蓄水力, 能源政策, 能源轉型, 統計年報","【1. 核心描述】  
本資料集「統計年報-發電統計-歷年裝置容量」記錄了多年來台灣地區各類型發電設備的裝置容量變化情況。涵蓋時間為多個年度，資料詳細分類不同發電方式（如抽蓄水力、核能、火力及多種再生能源）之裝置容量（以瓩為單位）、其在總裝置容量中的比例，以及年度增長率。這些數據反映了台灣電力供應結構的歷史演變與趨勢。

【2. 應用場景】  
此資料集可用於分析各種發電技術的發展趨勢與裝置容量變化，協助評估發電效率與供電穩定性。對於能源規劃者而言，能作為輸配電系統規劃和未來發電能力預測的基礎資料。政策制定者可基於此資料，制定能源轉型策略及推動再生能源發展。此外，也適用於研究用電結構、能源市場分析及環境影響評估。

【3. 背景資訊】  
該資料集由相關能源管理機關或統計單位編制，目的是監控和分析國家發電能力的變化，支援能源政策制定及電力產業發展。隨著全球能源轉型趨勢，特別是再生能源的推廣，定期蒐集這些數據有助於掌握能源結構的調整狀況。

【4. 資料特徵】  
資料包含25個欄位，主要為年度（整數型態），以及各類發電方式的裝置容量（數值型態，單位為瓩）、構成比（百分比）、以及年度增加率（百分比）。發電方式細分為抽蓄水力、核能、火力（燃油、燃煤、燃氣）以及多種再生能源（慣常水力、風力、太陽能、地熱、垃圾沼氣、生質能、廢棄物）。資料以年度為時間序列，通常以年為單位更新。

【5. 使用限制與注意事項】  
資料中可能存在部分年份或發電方式的缺漏值，且裝置容量數據反映的是設備規模，非實際發電量，解讀時需注意。由於資料為年度統計，無法反映短期波動。此外，若需深入分析發電效率或用電行為，通常需搭配發電量、電力消費等其他資料集共同使用，以獲得更完整的洞見。

【6. 潛在價值】  
透過此資料集，使用者能掌握台灣不同發電技術的裝置規模與變化趨勢，支持能源結構調整與規劃決策，促進再生能源發展及減碳目標達成。對學術研究、政府能源政策制定、電力公司營運策略及相關產業投資評估均具重要參考價值。

【7. 其他補充（分類說明）】  
本資料集屬於「發電」分類，專注於發電設備的裝置容量統計。涵蓋傳統火力與核能，以及多元再生能源類別，為研究電力產業發展與能源轉型提供基礎數據。"
統計年報-發電統計-歷年各月份淨發購電量,發電,"發電, 電力市場, 時間序列, 供需分析, 能源政策, 發電效率, 電力統計, 碳排放評估, 發購電量, WAND-發電","【1. 核心描述】  
這份資料集記錄了歷年各月份的「淨發購電量」，即在特定時間內（按年及月份區分）淨計算的發電與購電電量，單位為度電。資料涵蓋的時間範圍跨越多個年份，地理範圍則以特定區域或全國電力系統為主。此資料集反映了電力市場中發電與購電之間的差異，有助於理解整體電力供需狀況與流動趨勢。

【2. 應用場景】  
此資料集適用於多種情境，包括發電效率分析、電力市場交易研究、電力供需平衡評估、能源政策制定與電網規劃。透過分析歷年淨發購電量的變化，可協助電力公司與政府機構進行用電需求預測、優化發電資源配置，並支援節能減碳目標的策略制定。

【3. 背景資訊】  
該資料集由相關能源監管機構或電力統計單位編制，目的是為了透明呈現電力產業的發購電狀況，支援電力市場監控與政策評估。隨著能源轉型及電力自由化進程加速，掌握發電與購電的動態資料對於保障電力供應安全及市場公平交易具有重要意義。

【4. 資料特徵】  
資料包含三個主要欄位：  
- 年（整數型態）：紀錄資料所對應的年份。  
- 月（文字型態）：紀錄資料所對應的月份。  
- 當月發購電量（數值型態，單位：度）：表示該月份的淨發電與購電電量差值。  
資料呈現時間序列格式，通常以月為單位更新，方便追蹤長期趨勢與季節性變化。

【5. 使用限制與注意事項】  
資料可能存在缺漏值或異常數據，尤其在早期年份或資料更新時段。此外，單純的淨發購電量數據無法完整反映電力流向、各類發電來源結構或購電對象分布，若需深入分析，建議搭配其他相關資料，如發電廠分類、區域用電量或電價資訊，才能獲得更完整的洞察。

【6. 潛在價值】  
透過分析此資料集，決策者與研究人員可更準確掌握能源供需狀況，優化電力系統運作效率，並評估能源政策的成效。商業上，電力公司可利用此資料調整發電策略及購電計畫，降低成本並提升供電穩定性。此外，環保與能源轉型相關團體亦能藉由此資料評估碳排放減量成效與可再生能源推廣成果。

【7. 其他補充（分類說明）】  
本資料集屬於「發電」分類，專注於電力產業中發電與購電的統計數據，屬於統計報告類型，並以授權方式提供。資料主要反映發電端與購電端的數量關係，對後續的輸電、配電及售電環節需搭配其他資料進行綜合分析。"
統計年報-發電統計-歷年淨發購電量,發電,"發電, 電力統計, 年度趨勢, 用電分析, 能源管理, 供需平衡, 發電效率, 能源政策, WAND_發電, 購電數據","【1. 核心描述】  
本資料集記錄了某能源公司歷年來的淨發購電量數據，涵蓋年度發電與購電的實際用電量及其比例變化。資料內容包含每年度本公司自行發電量及購買電力的數值（以度為單位），各項數據的構成比例，以及總計發電量與年增長率。時間範圍以年度為單位，適用於該公司所屬地區的電力生產與消費狀況分析。

【2. 應用場景】  
此資料集適合用於分析電力生產與購電的趨勢，評估發電效率與供需平衡。可應用於發電策略調整、輸配電規劃、用電行為研究、以及能源政策制定，協助政府或企業了解能源來源結構、掌握市場變動、優化電力資源配置。

【3. 背景資訊】  
資料由能源相關機構或電力公司依法定或營運需求定期彙整，反映該公司在發電與購電方面的實際運作情況。蒐集此資料有助於監控能源供應安全，支持國家能源政策推動及市場監管，提升電力系統的穩定性與效率。

【4. 資料特徵】  
主要欄位包括「年」（整數型態）、「本公司發電量_度」與「購電量_度」（數值型態，單位為度）、「本公司發電量_構成比」與「購電量_構成比」（百分比數值）、「總計_度」以及「總計_增加率」（百分比數值，反映年度變動）。資料以年度為時間序列更新，數據型態主要為數值與比例，方便進行趨勢分析與比較。

【5. 使用限制與注意事項】  
資料可能存在缺漏值或報告延遲，且只涵蓋特定公司的發電與購電數據，未包含其他電力供應商或用戶端資料。為完整分析能源供需結構，建議搭配其他相關資料（如用電量、電價資訊、其他公司數據）使用。此外，構成比資料需注意合計是否達到100%，避免誤解。

【6. 潛在價值】  
透過本資料集，可評估公司發電與購電的變化趨勢，支持能源投資決策與營運優化。對政策制定者而言，有助於判斷能源自主性、推動再生能源比例及減碳目標。對研究者與產業分析師則可作為市場動態及電力結構調整的依據，促進更有效的能源管理與規劃。

【7. 其他補充（分類說明）】  
本資料集屬於發電領域的統計報告，重點在於發電量與購電量的歷年數據整合，反映電力生產端的供應情況。資料適合用於發電與能源供應相關的分析，對輸電、配電及售電環節的直接資訊較少，需搭配其他資料集進行跨環節綜合分析。"
統計年報-發電統計-歷年淨發購電量明細,發電,"發電, 火力發電, 核能, 再生能源, 能源結構, 能源趨勢, 台灣能源, 能源政策, 統計報告, WAND-發電","【1. 核心描述】  
這個資料集記錄了台灣歷年來各類發電方式的淨發電量與購電量明細，涵蓋的時間範圍為多年度（具體年份依資料而定），主要反映不同能源類型在發電結構中的使用情況。資料中包含抽蓄水力、火力（燃油、燃煤、燃氣、汽電共生）、核能以及多種再生能源（慣常水力、風力、太陽光電、地熱、垃圾沼氣、生質能、廢棄物）的年度發電量，並附帶各類能源的構成比例與年度增加率。這份資料主要聚焦於台灣地區，呈現能源發電的結構與變化趨勢。

【2. 應用場景】  
此資料集適用於多種能源相關分析與規劃場景，包括：分析不同能源類型的發電效率及成長趨勢、評估燃料組成對能源供應的影響、研擬輸配電系統調整方案、研究台灣能源轉型與再生能源推動成效、以及作為政府能源政策制定與目標檢核的重要依據。此外，此資料也能輔助產業界了解市場結構與投資方向。

【3. 背景資訊】  
資料由相關政府機構或能源管理單位彙整，目的是監控國內電力生產結構及其變動，確保能源供應的穩定與多元化。台灣作為能源進口依賴較高的地區，透過定期蒐集與分析發電數據，有助於推動能源政策調整、促進綠能發展、及提升整體能源使用效率。

【4. 資料特徵】  
資料包含26個欄位，涵蓋年度（整數型態）、各類發電方式的電量（數值型態，單位為度，即千瓦時）、各類能源構成比（百分比）、以及各類能源發電量的年度增加率（百分比）。其中發電量數據為連續數值，構成比與增加率則為比例型數據。資料通常以年度為更新頻率，呈現時間序列特性，利於分析長期趨勢。

【5. 使用限制與注意事項】  
由於資料為年度彙整，短期內的季節性或月度變化無法反映。部分能源類型可能因數據採集限制或統計口徑不同，存在缺漏值或估計誤差，使用時需留意。為完整理解電力供應狀況，建議搭配用電負載、輸配電損失等其他相關資料進行綜合分析。此外，能源構成比與增加率需以年度整體數據為基礎解讀，避免斷章取義。

【6. 潛在價值】  
這份資料能協助政策制定者及能源產業掌握發電結構變遷與成長趨勢，支持制定更具前瞻性的能源策略，推動節能減碳與再生能源發展。對研究者而言，資料提供了豐富的基礎數據，可用於能源經濟分析、環境影響評估及市場預測。商業上，則能協助投資者判斷能源產業走向，優化資源配置與風險管理。

【7. 其他補充（分類說明）】  
此資料集屬於發電領域的統計報告，專注於電力生產端的數據記錄。涵蓋的發電方式包括傳統火力、核能及多種再生能源，反映整體發電結構的多元性與變化趨勢。對比於輸電、配電或售電資料，此資料更強調能源來源與產量，是分析能源供應面不可或缺的基礎數據。"
統計年報-發電統計-近年來各核能發電廠淨發電量,發電,"核能發電, 發電量統計, 時間序列, 能源政策, 台灣核電, 發電效率, 能源結構, 發電趨勢, 發電, 核能","【1. 核心描述】  
這個資料集記錄了近年來各核能發電廠的淨發電量，涵蓋多個年度的發電數據。資料主要聚焦於台灣地區的核能發電廠，反映每個廠別在特定年份所產生的電力量（以度為單位）。透過這些數據，可以觀察核能發電在不同時間點的產能表現與變化趨勢。

【2. 應用場景】  
此資料集適用於多種情境，例如分析核能發電效率及產能變動、評估核能在整體能源結構中的角色、支持能源政策制定及規劃，亦可用於研究台灣地區核能發電的歷史趨勢，協助輸配電系統的調度與管理，以及環境影響評估等。

【3. 背景資訊】  
資料由相關政府或能源管理機構統計整理，目的在於提供透明且可靠的核能發電資訊，以監控發電狀況、評估能源政策效果，並推動能源產業的發展與安全管理。核能作為台灣重要的電力來源之一，其發電量資料對於能源規劃與公共資訊具有高度參考價值。

【4. 資料特徵】  
資料欄位包括「年」（整數型態，代表年份）、「廠別」（文字型態，指明核能發電廠名稱）及「發電量_度」（數值型態，單位為度，代表該廠當年淨發電量）。資料呈現為時間序列形式，反映不同年份的發電量變化。更新頻率通常為年度更新。

【5. 使用限制與注意事項】  
資料中可能存在部分年份資料缺漏或廠別調整狀況，使用時需留意完整性。淨發電量數據僅涵蓋核能發電廠，無法反映其他能源來源發電狀況。為獲得更全面的能源分析，建議搭配其他能源類型的發電資料及相關輸配電數據共同使用。

【6. 潛在價值】  
此資料集有助於政府部門、研究機構及能源企業進行發電趨勢分析、效能監控與政策評估，支持能源結構優化與永續發展目標。同時，亦可為投資決策、市場分析及公共教育提供依據，促進核能發電的透明度與社會認知。

【7. 其他補充（分類說明）】  
本資料集屬於「發電」分類，專注於核能發電廠的淨發電量統計。它是能源產業中核能發電部分的重要數據來源，並非涵蓋整體電力系統中的輸電、配電或售電環節。"
統計年報-發電統計-近年來抽蓄水力及再生能源發電廠淨發購電量,發電,"發電, 抽蓄水力, 再生能源, 台灣能源, 年度統計, 綠能發展, 能源政策, 時間序列分析, 能源結構, 發電產量","【1. 核心描述】  
這個資料集記錄了近年來台灣地區抽蓄水力及再生能源發電廠的淨發購電量，涵蓋年度統計資料。內容包含不同發電類別與子類別下各電廠每年所產生及銷售的電量（以度為單位）。資料反映了台灣能源結構中抽蓄水力與再生能源的發電情況，時間範圍涵蓋最近幾年，地理範圍以台灣地區為主。

【2. 應用場景】  
此資料集適用於多種情境，例如分析抽蓄水力與再生能源的發電效率及趨勢，協助能源規劃單位進行輸配電系統布局，研究用電行為與能源結構變化，並為政府部門或相關機構制定能源政策與推動綠能發展提供依據。此外，也可用於市場分析、投資評估及環境影響研究。

【3. 背景資訊】  
該資料由相關政府部門或能源統計機構蒐集整理，目的是監測並公布台灣地區再生能源及抽蓄水力發電的產量，促進能源透明化與可持續發展。隨著全球對綠能需求增加，這類資料對政府及產業界制定能源轉型策略具有重要參考價值。

【4. 資料特徵】  
資料包含五個主要欄位：  
- 年（整數型態）：紀錄資料所屬年度。  
- 發電類別（文字型態）：標示發電的主要分類，如抽蓄水力或再生能源。  
- 發電子類別（文字型態）：更細分的發電類型說明。  
- 電廠（文字型態）：發電廠名稱。  
- 發購電量_度（浮點數）：該電廠當年度淨發購電量，單位為度（kWh）。  

此資料為年度統計，通常每年更新一次，適合進行時間序列分析。

【5. 使用限制與注意事項】  
資料可能存在缺漏值或部分電廠因報告不足未完全納入，使用時需注意資料完整性。由於僅包含發電量資訊，若需分析電力需求端或網絡狀態，建議搭配用電量或輸配電資料進行綜合評估。此外，資料以年度為單位，無法提供日常或即時動態資訊。

【6. 潛在價值】  
這份資料有助於瞭解台灣抽蓄水力及再生能源發電的發展趨勢與產能分布，支持政策制定者評估綠能推動成效，企業則可用於投資決策與風險管理。研究人員能利用資料分析能源結構轉型對環境及經濟的影響，促進能源產業健康發展。

【7. 其他補充（分類說明）】  
本資料集屬於發電分類，專注於抽蓄水力與再生能源部分。此分類涵蓋水力發電、太陽能、風力等綠色能源形式，不包含傳統火力或核能發電，強調再生能源的監控與推廣。"
統計年報-發電統計-近年來各火力發電廠淨發購電量,發電,"火力發電, 發電量統計, 年度時間序列, 電力產能分析, 能源規劃, 發電效率, 電力市場, 能源政策, 發電, 統計報告","【1. 核心描述】  
這個資料集記錄了近年來各火力發電廠的淨發購電量，涵蓋年度數據，主要反映不同火力發電廠每年實際發電並送出電網的電力量（以度為單位）。資料範圍聚焦於火力發電類別，地理位置則依廠別而定，時間跨度涵蓋多個年度，有助於觀察火力發電的產能變化與趨勢。

【2. 應用場景】  
此資料集可被用於分析火力發電廠的發電效率與產量表現，協助能源規劃單位評估火力發電的供電狀況，並作為輸配電規劃的依據。此外，對於能源政策制定者、學術研究者以及相關產業分析師，都能提供重要的實務數據支持，包括用電需求預測與能源結構優化。

【3. 背景資訊】  
資料集由相關能源管理機構或電力公司統計整理，目的是監控火力發電產業的發電量及市場供需情況。收集這類數據有助於保障電力系統安全穩定運作，同時配合國家能源政策及產業發展策略，促進能源資源的有效利用。

【4. 資料特徵】  
資料包含四個主要欄位：年份（整數型態）、發電類別（文字型態，主要為火力發電）、廠別（文字型態，表示具體火力發電廠名稱）、淨發購電量（數值型態，以度計）。資料呈現為年度時間序列，通常每年更新一次，反映該年度的發電表現。

【5. 使用限制與注意事項】  
資料可能存在少量缺漏值，特別是在部分廠別資料收集不完整的情況下。由於資料聚焦於火力發電廠，若要了解整體電力系統狀況，需搭配其他發電類別（如再生能源、核能等）或用電端資料進行綜合分析。此外，淨發購電量代表淨輸出，不包含自用電量，使用時需注意定義。

【6. 潛在價值】  
此資料集能協助能源管理者和決策者掌握火力發電產量的變化，進一步優化發電資源配置與調度策略。對於研究機構而言，可分析火力發電對環境影響的趨勢，並評估能源轉型政策的成效。商業上，電力市場參與者亦能利用此數據制定交易策略及風險管理。

【7. 其他補充（分類說明）】  
本資料集屬於統計報告類，分類於發電領域，具體聚焦火力發電廠的發電量統計，屬於發電階段的資料。適合用於火力發電相關的產業分析、政策評估及能源供需研究。"
統計年報-發電統計-歷年淨發購電量年平均增加率,發電,"發電, 年平均增長率, 時間序列, 台灣電力, 能源統計, 發電趨勢分析, 能源政策, 長期投資, 發電統計, WAND-發電","【1. 核心描述】  
本資料集記錄了歷年淨發購電量的年平均增加率，涵蓋特定時間區間內各年度淨發電量與購電量的變化趨勢。資料以起始年和終止年為時間範圍，反映該時期淨發購電量的年增長百分比。資料主要聚焦於台灣地區的發電產業，提供長期電力供應量變動的統計資訊。

【2. 應用場景】  
此資料集適用於分析電力產業的成長趨勢與發展速度，能協助政府或企業評估過去電力生產和購買的變化，支持發電效率分析、能源供需規劃、長期投資決策，以及制定能源政策和推動綠色能源轉型等場景。

【3. 背景資訊】  
資料由相關能源主管機關或統計單位編製，目的是監控國家電力系統的發展狀況，並為能源產業提供量化依據。透過追蹤淨發購電量的成長率，有助於掌握能源產業的產出和交易狀況，反映產業結構與市場需求的變化。

【4. 資料特徵】  
資料包含三個欄位：起始年（整數型態）、終止年（整數型態）以及年平均增加率（百分比數值型態）。資料呈現為時間序列統計指標，每筆紀錄對應一段特定期間。通常此類資料會以年度或多年度區間為單位定期更新。

【5. 使用限制與注意事項】  
資料中可能不包含單一年度的詳細數據，而是以區間平均呈現，使用時需注意時間範圍的連續性與重疊情況。資料本身僅反映淨發購電量增長率，若要深入分析電力結構或用電行為，建議搭配其他產業細項數據或用電負載資料以獲得完整解釋。

【6. 潛在價值】  
透過掌握淨發購電量的變化速率，決策者可以評估能源產業的發展趨勢及其對經濟的影響，協助預測未來電力需求與供給狀況，優化電網規劃與資源配置。此外，企業可依此調整生產策略，研究機構則能用此資料作為能源經濟分析的重要參考。

【7. 其他補充（分類說明）】  
本資料集屬於發電統計範疇，專注於發電量與購電量的淨變化率，為統計報告類型資料。它反映的是發電與購電的整體趨勢，與輸電、配電或售電的細節數據有所區隔，適合用於宏觀層級的能源產業分析。"
統計年報-發電統計-歷年抽蓄水力、再生能源發電設備容量因數,發電,"發電, 抽蓄水力, 再生能源, 容量因數, 發電效率, 台灣能源, 能源管理, 綠色能源, 能源政策, WAND-發電","【1. 核心描述】  
本資料集記錄了歷年來台灣地區抽蓄水力與再生能源發電設備的容量因數，反映不同發電廠在特定年度內的實際發電效率。資料涵蓋時間範圍為多年度歷史資料，主要聚焦於抽蓄水力與再生能源（如風力、太陽能等）兩大類發電設備的運作表現，並以各廠別為單位呈現。

【2. 應用場景】  
此資料集可用於分析發電設備的運轉效率，幫助能源管理單位評估抽蓄水力及再生能源的實際貢獻度；同時可作為發電設備優化、容量規劃、再生能源發展策略制定的參考依據；此外，也適用於政府能源政策的制定、用電需求預測及綠能推廣成效評估。

【3. 背景資訊】  
為了推動台灣能源轉型與提升再生能源比重，相關機構定期蒐集並發布發電設備的容量因數資料，以監控與評估不同發電技術的實際發電效能。資料來源多為政府能源主管部門或電力公司彙整的官方統計報告，具權威性與可信度。

【4. 資料特徵】  
資料包含五個欄位：年份（整數）、發電類別（文字，如抽蓄水力、風力）、發電子類別（文字，進一步細分發電技術）、廠別（文字，特定發電廠名稱）、容量因數（百分比，數值型態，代表實際發電量與理論最大發電量的比率）。資料為結構化統計數據，通常以年度為單位更新。

【5. 使用限制與注意事項】  
資料可能存在部分年份或廠別的缺漏值，尤其是新設或停用的廠別需注意資料完整性；容量因數受氣候條件與設備維護影響，單獨數據可能無法完全反映長期效能，建議搭配其他運轉數據或環境因素資料共同分析。此外，資料僅涵蓋抽蓄水力與再生能源，未包含火力或核能發電。

【6. 潛在價值】  
透過容量因數的分析，決策者能更精準掌握各類再生能源設備的發電效率，促進資源有效配置與成本控制；研究人員可利用此資料評估技術進步與環境影響；企業則可基於此數據進行投資評估與營運優化，有助於推動綠色能源及永續發展。

【7. 其他補充（分類說明）】  
本資料集屬於發電領域的統計報告，專注於抽蓄水力與再生能源發電設備的容量因數分析，對應能源產業中發電階段的效能監控與管理，是評估綠能發展成效的重要依據。"
統計年報-發電統計-歷年火力、核能發電設備容量因數,發電,"發電, 火力發電, 核能發電, 容量因數, 發電效率, 時間序列, 基載電源, 能源規劃, 能源政策, WAND-發電","【1. 核心描述】  
本資料集記錄了歷年來台灣地區火力與核能發電設備的容量因數數據，涵蓋多年時間範圍。容量因數是衡量發電設備實際發電量與其最大發電能力比例的指標，有助於了解不同發電機組的運作效率與穩定性。資料中包含發電類別、電廠名稱、機組識別及每年度的容量因數百分比，反映各發電設備在特定年度的運行狀況。

【2. 應用場景】  
此資料集適用於分析發電效率與設備利用率，有助於發電廠管理者優化機組調度，能源規劃者評估發電資源配置，政策制定者監控及改善能源結構，並供研究單位進行能源趨勢與環境影響評估。此外，也能用於預測發電能力，支援電力系統維護及輸配電規劃。

【3. 背景資訊】  
資料主要由能源主管機關或相關研究機構蒐集整理，目的是監控台灣火力與核能發電設施的運行情況與效能，確保電力供應安全與效率。火力與核能作為基載電源，在台灣能源結構中扮演重要角色，因此定期統計其容量因數，有助於掌握能源使用狀況與調整發電策略。

【4. 資料特徵】  
資料欄位包括年份（整數型態）、發電類別（文字型態，如火力或核能）、電廠別（文字型態）、機組名稱（文字型態）及容量因數（百分比，浮點數）。容量因數表示該機組在一年中實際發電量占其理論最大發電量的比例。資料屬於時間序列類型，通常為年度更新。

【5. 使用限制與注意事項】  
資料可能存在部分年份或機組的容量因數缺漏，需留意資料完整性。容量因數未必反映所有運行細節，如維修停機或突發狀況未必充分揭露，建議搭配其他設備運轉記錄或電力負載資料綜合分析。使用者應注意資料來源授權限制，遵守相關使用規定。

【6. 潛在價值】  
這份資料有助於提升發電資源管理效率，支持能源政策的科學制定，促進綠能轉型與減碳目標的達成。企業可藉由分析容量因數調整投資策略，學術界則可用於能源效率與環境影響研究，政府部門則能透過趨勢掌握加強電力系統韌性。

【7. 其他補充（分類說明）】  
本資料集屬於統計報告類型，主要聚焦「發電」階段，特別是火力與核能兩大發電類別的設備效率分析。未涵蓋輸電、配電或售電層面，適合用於基載電源性能監測與長期趨勢分析。"
統計年報-發電統計-各發電廠發電情形～抽蓄水力及再生能源,發電,"抽蓄水力,再生能源,發電效率,容量因數,時間序列,台灣電力,綠色能源,能源政策,發電,水力發電,風力發電,太陽能發電","【1. 核心描述】  
本資料集記錄了台灣地區抽蓄水力及再生能源發電廠的年度發電狀況，涵蓋各發電廠的裝置容量、淨發電量及負載情形。資料內容包含多年來每年各廠別的發電類別與子類別，提供從年度總裝置容量到月平均容量、發電設備容量因數等指標。時間範圍以年度為單位，地理範圍主要聚焦於台灣地區的相關發電設施。

【2. 應用場景】  
此資料集適用於發電效率分析，能協助了解不同發電廠的實際運作表現與容量利用率；也可用於能源規劃與輸配電系統設計，評估再生能源與抽蓄水力發電的供電穩定性和潛力；此外，政策制定者可依據資料評估再生能源發展成效，並制定相關能源政策；學術研究亦能從中探討能源結構轉型及環境影響。

【3. 背景資訊】  
資料由能源主管機關或相關統計單位編製，目的是監測並統計國內抽蓄水力及再生能源發電的整體發展情況，支援政府能源政策及電力產業管理。此類資料反映了政府對於推動綠色能源及能源轉型的重視，並為產業發展提供數據基礎。

【4. 資料特徵】  
資料欄位包含：年度（整數型態）、發電類別與子類別（文字型態）、發電廠名稱（文字）、年底裝置容量與月平均裝置容量（數值，單位為瓩）、本年淨發電量及廠用電量（數值，單位為度）、年平均負載與發電設備容量因數（數值，容量因數以百分比表示）。資料以年度為更新頻率，屬時間序列資料，方便進行長期趨勢分析。

【5. 使用限制與注意事項】  
資料可能存在缺漏值或資料更新時滯，使用時需注意不同年度間資料的一致性及完整性。因為資料主要反映發電廠端狀況，若需分析整體電力系統或用電行為，可能須搭配用電負載、輸配電網路等其他資料一併使用。此外，容量因數等指標受氣候與運作策略影響，需謹慎解讀。

【6. 潛在價值】  
本資料集能協助決策者掌握再生能源及抽蓄水力發電的發展現況及效率，促進能源結構優化與永續發展。企業可利用資料進行設備投資評估與運維優化，學術界則可用於能源政策評估及環境影響研究，整體提升能源產業的透明度與效率。

【7. 其他補充（分類說明）】  
此資料集屬於發電階段的統計報告，專注於抽蓄水力與再生能源類別，涵蓋水力發電及太陽能、風力等綠色能源形式。與輸電、配電及售電階段資料相互補充，可形成完整的電力產業資料生態系。"
統計年報-發電統計-各發電廠發電情形～火力及核能,發電,"發電, 火力發電, 核能發電, 年度統計, 容量因素, 發電效率, 能源政策, 發電廠運作, 台灣能源, WAND-發電","【1. 核心描述】  
本資料集記錄了台灣地區火力與核能發電廠的年度發電情況，涵蓋各發電廠的裝置容量、淨發電量及相關運作指標。資料時間範圍為年度統計，反映每年各電廠的發電表現與資源利用效率。地理範圍主要集中於台灣本島內的火力及核能發電設施。

【2. 應用場景】  
此資料集適用於發電效率與產能分析、電力系統規劃與優化、能源政策制定評估，以及環境影響分析。電力公司、政府機構及學術研究者可利用此資料評估發電廠的運行效能，進行能源結構調整或制定未來發電策略。

【3. 背景資訊】  
資料由相關能源監管單位或電力公司彙整，以監控與管理國內主要火力及核能發電廠的運作狀況。蒐集此資料旨在掌握國家能源供應安全、提升發電效率及支持能源轉型政策推動。

【4. 資料特徵】  
資料包含以下重要欄位：年份（整數型態）、發電類別（文字型態，區分火力或核能）、電廠名稱（文字型態）、年底裝置容量與月平均裝置容量（數值型態，單位為瓩）、本年淨發電量與廠用電量（數值型態，單位為度）、年平均負載（數值型態，瓩）及容量因素（百分比型態）。資料以年度為單位更新，屬時間序列資料。

【5. 使用限制與注意事項】  
資料可能存在部分缺漏值或因統計口徑不同而產生的差異。由於僅包含火力與核能，未涵蓋其他發電類型，故在進行整體能源分析時需搭配其他能源資料。部分指標如容量因素需結合裝置容量與發電量解讀，避免單獨使用產生誤判。

【6. 潛在價值】  
此資料集能協助決策者瞭解火力與核能發電的實際效能與發展趨勢，支持能源供應安全評估與優化投資規劃；同時也有助於學術研究者分析能源使用效率、環境影響及未來能源政策方向制定，促進台灣能源產業的永續發展。

【7. 其他補充（分類說明）】  
本資料集屬於發電分類，重點在於火力及核能發電廠的運作狀況統計，不包含輸電、配電或售電相關資訊。適合用於深入分析發電層面的產能及效率表現。"
統計年報-發電統計-歷年各火力發電機組每度熱耗率,發電,"火力發電, 熱耗率, 能源效率, 發電設備, 節能減碳, 發電成本, 時間序列, 政策分析, 發電, 燃料管理","【1. 核心描述】  
本資料集記錄了歷年來台灣地區各火力發電機組的「每度熱耗率」數據，即每生產一度電所消耗的熱能量(以千卡計)。資料涵蓋不同年份、發電類別、電廠名稱及機組編號，反映火力發電設備的能源使用效率與性能表現，時間範圍涵蓋多個年度，主要聚焦於火力發電領域的熱效率變化。

【2. 應用場景】  
此資料集可用於分析火力發電機組的能源效率，評估發電設備的運作狀況與改進空間，協助發電廠優化燃料使用。也可用於政府或能源管理機構制定節能減碳政策、規劃能源供應結構，或供學術研究與市場分析參考。此外，企業可利用該資料進行發電成本估算與競爭力分析。

【3. 背景資訊】  
資料由能源相關統計機構或政府單位蒐集，目的是監控火力發電機組的熱效率以提升能源使用效益，並配合國家能源政策推動節能減碳。火力發電是台灣主要電力來源之一，掌握其熱耗率對於能源管理與環境保護具有重要意義。

【4. 資料特徵】  
資料欄位包括：  
- 年 (整數)：年份，表示資料所屬年度。  
- 發電類別 (文字)：火力發電的類型，如燃煤、燃油等。  
- 電廠別 (文字)：電廠名稱。  
- 機組 (文字)：特定發電機組識別碼或名稱。  
- 每度熱耗率 (浮點數)：每度電消耗的熱能量，單位為千卡/度，為關鍵效率指標。  
資料以年度為單位更新，是時間序列數據，以數值與文字型態為主。

【5. 使用限制與注意事項】  
資料可能存在部分年份或機組的缺漏值，需留意資料完整性。由於僅涵蓋火力發電機組，無法代表其他發電類型的效率表現。解讀時建議搭配燃料種類、發電量及環境條件等資料，以獲得更全面的分析結果。

【6. 潛在價值】  
透過分析熱耗率的變化趨勢，可以掌握火力發電設備的節能潛力與技術改進成效，有助於降低燃料成本與減少碳排放。對政策制定者而言，可作為能源效率監督及政策調整的重要依據。企業則可利用資料提升營運效率與降低環境風險。

【7. 其他補充（分類說明）】  
本資料集屬於「發電」分類，專注於火力發電機組的熱效率統計，與輸電、配電或售電等環節無直接關聯。適合用於火力發電相關的技術分析與能源管理研究。"
統計年報-發電統計-歷年火力發電廠燃料耗用,發電,"火力發電, 燃料耗用, 燃料效率, 時間序列, 能源政策, 碳排放估算, 發電, 台灣能源, 能源結構, 運營管理","【1. 核心描述】  
本資料集記錄了台灣歷年來火力發電廠所使用的各類燃料耗用量及其變化率，涵蓋的燃料種類包括煤炭、燃料油、柴油與天然氣。資料以年度為時間單位，反映不同燃料在火力發電過程中的使用情況，具體包括整體耗用量及特定機組類型（如複循環機組、氣渦輪機、柴油機）的燃料消耗。資料呈現的地理範圍主要為台灣地區，反映當地火力發電產業的燃料使用趨勢。

【2. 應用場景】  
此資料集適用於多種能源相關分析情境，例如評估火力發電的燃料使用效率、監測燃料消耗變化趨勢、能源供應與需求規劃、以及制定相關能源政策。此外，也能支援用電行為研究、環境影響評估（如碳排放估算）以及火力發電廠運營管理等。

【3. 背景資訊】  
資料由相關能源主管機關或統計單位蒐集整理，旨在提供火力發電行業燃料使用的權威統計數據。火力發電為台灣主要的電力來源之一，燃料耗用的監控對能源結構調整、供應安全及環境保護政策制定具有重要意義。

【4. 資料特徵】  
資料包含16個欄位，主要為年度（整數）及各類燃料的耗用量（數值型態，單位如公噸、公秉、千立方公尺）與年度增加率（百分比）。燃料類別涵蓋煤炭、燃料油、柴油及天然氣，並細分為不同機組類型的燃料耗用。資料屬於時間序列型態，通常以年度為單位定期更新。

【5. 使用限制與注意事項】  
資料可能存在缺漏值或部分年份資料不完整，使用時需注意資料的完整性與一致性。燃料耗用量的解讀需結合火力發電廠的運轉狀況及發電量等其他資料，以獲得更完整的能源使用分析。此外，燃料耗用數據未直接包含發電效率或排放數據，若需深入分析環境影響，建議搭配相關環境監測資料使用。

【6. 潛在價值】  
透過分析燃料耗用趨勢與結構變化，決策者可優化能源政策，推動燃料多元化及節能減碳措施。產業界可利用資料評估燃料成本與設備運轉效益，提升發電效率。研究機構則能基於此資料進行能源結構轉型、環境影響評估及未來能源需求預測的研究。

【7. 其他補充（分類說明）】  
本資料集屬於發電領域中的火力發電燃料耗用統計，專注於燃料使用量的記錄與變化分析。不同於輸電、配電或售電資料，主要聚焦在火力發電廠的燃料消耗狀況，為能源生產端的基礎數據來源。"
統計年報-發電統計-發電處火力發電機組燃料耗用,發電,"火力發電, 發電效率, 燃料消耗, 能源管理, 台灣電力, 年度統計, 環境影響, 節能減碳, 政策制定, 發電","【1. 核心描述】  
本資料集記錄了特定年份內台灣地區火力發電機組的燃料使用與發電效能相關數據。內容涵蓋各電廠的淨發電量、不同燃料（煤炭、燃料油、輕柴油、天然氣）的消耗量及其燃料消耗率，以及機組的容量因素和熱效率指標。資料時間範圍主要以年度為單位，反映年度整體運作狀況，地理範圍限於台灣的火力發電機組。

【2. 應用場景】  
此資料集適用於分析火力發電機組的能源使用效率，評估燃料消耗對發電量的影響，並可用於輸配電規劃與能源需求預測。此外，政策制定者可參考此數據評估能源結構調整效果，研究單位則能利用其進行環境影響評估及減碳策略規劃。企業層面亦可用於優化發電操作與成本控制。

【3. 背景資訊】  
資料由相關政府機構或能源管理單位蒐集，目的是監控火力發電產業的燃料使用情況及發電效率，促進能源管理透明化與科學化。火力發電為台灣主要電力來源之一，透過定期統計可掌握能源使用趨勢及機組運轉效能，支援國家能源政策制定與產業發展。

【4. 資料特徵】  
資料包含15個欄位，涵蓋整數型（如年份）、文字型（電廠名稱）、大整數型（淨發電量、天然氣用量）、數值型（燃料耗用量、燃料消耗率、容量因素、熱效率指標）等多種數據類型。數據更新頻率以年度為單位，反映每年火力發電機組的運作概況。重要指標如淨發電量、用煤量、用油量、用氣量及各燃料消耗率，能直接反映燃料使用效率與發電效能。

【5. 使用限制與注意事項】  
資料可能存在缺漏值或因蒐集方式不同而產生的異常值，使用時需先行檢查與清洗。部分指標解讀時需搭配其他相關資料，如氣候條件、機組維護紀錄等，才能更全面評估機組表現。此外，資料僅涵蓋火力發電機組，無法反映其他發電類型或整體電力系統狀況。

【6. 潛在價值】  
本資料集有助於提升火力發電的能源利用效率，協助制定節能減碳策略，降低燃料成本及環境負擔。研究機構可利用資料進行技術改良與環境影響評估，企業可依據數據調整營運策略，政府部門則能據此制定更有效的能源政策與監管措施，促進綠色能源轉型。

【7. 其他補充（分類說明）】  
該資料集屬於火力發電領域中的發電統計分類，專注於火力機組燃料耗用與發電效率相關數據，對應能源產業中的「發電」階段。未涵蓋輸電、配電或售電等後續環節，需搭配其他相關資料以獲得完整能源供應鏈的分析視角。"
統計年報-發電統計-抽蓄水力及再生能源發電廠設備概況(1)-(3),發電,"再生能源, 抽蓄水力, 發電設備, 裝置容量, 能源政策, 綠能規劃, 年度統計, 發電, 能源產業","【1. 核心描述】  
本資料集記錄了台灣地區抽蓄水力與再生能源發電廠的設備概況，涵蓋各發電廠及其機組的基本資訊，如裝置容量、併聯及商轉時間等。資料時間以年度為單位，反映該年度各發電廠設備狀況，地理範圍主要聚焦於設置於各河流的相關水力發電設施。

【2. 應用場景】  
此資料集適用於分析水力及再生能源發電設備的規模與發展趨勢，協助能源產業進行發電效率評估、容量規劃與維護管理。同時，政府部門可依此資料作為制定能源政策、推動綠能發展的重要依據。此外，學術研究與市場分析也能利用此資料瞭解再生能源產業的現況與潛力。

【3. 背景資訊】  
資料由相關能源主管機關編制，旨在統整與呈現我國抽蓄水力及再生能源發電設備的基本狀況，促進能源產業透明化與政策制定依據。隨著全球推動綠能減碳，本資料集反映了國內再生能源設備的發展與布局。

【4. 資料特徵】  
資料欄位包含年度（整數）、能源別（文字）、發電廠名稱（文字）、裝置容量（整數，單位為瓩）、機組別（文字）、併聯年月、商轉年月、發電廠創設年月及河流名稱，主要為文字與數值混合型態。資料以年度為更新頻率，反映該年度設備現況。

【5. 使用限制與注意事項】  
資料中部分時間欄位為文字型態，使用時需注意格式一致性。由於資料為年度統計，無法反映日常或月度的運作狀況。此外，若需進一步分析發電量或效率，需結合其他用電或發電量數據。資料可能存在缺漏值，使用前建議檢查並視情況補足。

【6. 潛在價值】  
此資料有助於政府機構、能源公司及研究單位掌握抽蓄水力及再生能源設備的布局與容量，支持綠能規劃與投資決策。透過分析設備發展趨勢，可促進能源結構調整與提升再生能源利用效率，進而推動永續發展目標。

【7. 其他補充（分類說明）】  
本資料集屬於發電類別，專注於抽蓄水力及再生能源發電廠設備的統計，與輸電、配電或售電資料分別管理。適合作為能源產業中發電端設備現況的參考資料。"
統計年報-發電統計-抽蓄水力及再生能源發電廠設備概況(4)-(5),發電,"抽蓄水力, 再生能源, 發電設備, 裝置容量, 發電統計, 時間序列, 設備管理, 能源政策, 綠色能源, 發電","【1. 核心描述】  
本資料集記錄了台灣地區抽蓄水力及再生能源發電廠設備的基本概況，涵蓋各發電站的裝置容量、機組資訊及啟用時間等關鍵資料。資料範圍以年度為單位，反映發電設備在不同年份的狀況，主要聚焦於抽蓄水力與再生能源領域，具有明確的地理與時間定位。

【2. 應用場景】  
此資料集適用於發電效率分析、設備管理與維護規劃、能源供應穩定性評估，以及政策制定單位在推動再生能源發展時的參考依據。此外，也有助於能源產業專家進行設備更新或擴充計畫的評估，並支持學術研究和市場趨勢分析。

【3. 背景資訊】  
資料由相關政府機構或能源統計單位蒐集整理，目的是掌握再生能源及抽蓄水力發電設備的運作狀況，以促進能源結構轉型與可持續發展。該行業背景強調環保節能與綠色電力推廣，是能源政策與產業發展的重要基石。

【4. 資料特徵】  
資料包含8個欄位，涵蓋年度（數值型態）、能源別（文字型態）、發電站名稱（文字）、裝置容量（數值，單位為瓩）、機組名稱（文字）、製造廠家（文字）、併聯年月與商轉年月（文字，表示設備連接系統與正式運轉的時間）。這些欄位組成時間序列與設備屬性資料，通常以年度為更新頻率。

【5. 使用限制與注意事項】  
資料可能存在缺漏值，特別是在併聯年月與商轉年月欄位，需留意資料完整性。此外，單獨使用本資料集無法全面反映發電效率或實際發電量，建議搭配用電量或運行效率等資料使用，以獲得更完整的分析結果。

【6. 潛在價值】  
本資料集有助於監控再生能源與抽蓄水力發電設備的發展趨勢，支持政府與產業界制定更合理的能源政策，促進綠色能源投資與優化資源配置。對企業而言，亦能作為設備管理與擴建決策的依據，提升產業競爭力。

【7. 其他補充（分類說明）】  
此資料集屬於發電設備類別，專注於抽蓄水力及再生能源發電廠的設備概況，與輸電、配電或售電等環節資料不同，主要用於設備層級的統計與分析。"
統計年報-發電統計-火力及核能發電廠設備概況(1)-一、汽力廠,發電,"火力發電,核能發電,汽力發電設備,發電設備統計,容量分析,運維規劃,能源結構,政策制定,結構化數據,發電","【1. 核心描述】  
本資料集記錄了台灣地區火力及核能發電廠中汽力發電廠的設備概況，涵蓋各電廠的發電設備細節，包含裝置容量、製造廠商、燃料種類及運轉時間等資訊。資料涵蓋時間範圍以年度為單位，提供每年各電廠汽輪機組的基本狀況，有助於了解火力發電設備的整體佈局與運行狀態。地理範圍以台灣地區為主。

【2. 應用場景】  
此資料集適用於多種情境，包括發電設備性能與容量分析、火力發電廠運維規劃、能源結構評估、燃料使用分析，及政策制定者在規劃未來能源布局、提升發電效率與環境管理時的參考依據。此外，也可用於學術研究及市場分析。

【3. 背景資訊】  
資料來源於政府或相關能源管理機構，旨在統計並監控台灣火力及核能發電廠設備的運行狀況，支持國家能源政策的制定與調整。透過定期收集發電設備的基本資料，協助了解發電產業的發展趨勢與設備更新狀況。

【4. 資料特徵】  
資料包含11個欄位，主要為文字與整數型態，涵蓋發電設備名稱、電廠與機組別、裝置容量（MW）、鍋爐及汽輪機製造廠商、燃料種類、額定容量（MW）及設備併聯與商轉年月等時間資訊。資料以年度為單位更新，屬於結構化的統計報告數據。

【5. 使用限制與注意事項】  
資料可能存在部分年份或設備的缺漏值，且僅涵蓋汽力發電廠相關設備，不包含其他發電類型或配電相關資訊。為完整解讀設備性能與運行情況，建議搭配發電量、燃料消耗及環境排放等其他相關資料使用。此外，日期欄位為文字格式，需轉換為標準時間格式以利分析。

【6. 潛在價值】  
該資料集有助於能源管理單位及研究者掌握火力發電設備現況，評估設備效能及壽命，支持設備更新及擴充決策。企業亦可依此制定維護計畫，降低運營風險。政策制定者可藉此評估能源結構，推動綠色轉型與能源永續發展。

【7. 其他補充（分類說明）】  
本資料屬於「發電」分類，專注於火力及核能發電廠中汽力發電設備的基本資訊，並不包含輸電、配電或售電相關資料。適合用於發電設備統計與分析相關領域。"
統計年報-發電統計-火力及核能發電廠設備概況(2)-(3)-二、複循環機組,發電,"發電, 火力發電, 核能發電, 複循環機組, 裝置容量, 設備管理, 能源政策, 技術參數, 時間序列分析, 台灣能源","【1. 核心描述】  
本資料集記錄了台灣地區火力及核能發電廠中，特別是複循環機組的設備概況，涵蓋了各機組的基本資訊及技術參數。資料內容包含發電設備名稱、電廠名稱、裝置容量（以兆瓦為單位）、汽渦輪機與汽輪機的製造廠商及機組別、燃料種類，以及複合機組的併聯和商轉年月。時間範圍以年度為單位，反映不同年份的設備狀況，地理範圍主要聚焦在台灣本島的發電廠。

【2. 應用場景】  
此資料集適用於多種情境，包括發電效率與設備性能分析、火力及核能電廠設備管理、能源產業投資評估、輸配電規劃以及能源政策制定。透過分析設備製造商、燃料種類及裝置容量等資料，可協助評估現有機組的運作狀況與未來更新需求，也能支持用電行為預測與環境影響評估。

【3. 背景資訊】  
資料由相關能源主管機關或統計單位編製，目的是為了提供完整且系統化的發電設備資訊，支持國家能源發展與管理。火力及核能發電廠是台灣電力系統的重要基礎，透過定期統計設備狀況，有助於提升電力系統的穩定性與安全性，並促進能源產業的透明化與科學決策。

【4. 資料特徵】  
資料包含12個欄位，涵蓋時間（年）、文字類別（如設備名稱、電廠名稱、製造廠商、燃料種類）、數值（裝置容量）及日期類型（併聯年月、商轉年月）。資料以年度為單位更新，屬於結構化統計報告，易於進行時間序列分析與橫向比較。

【5. 使用限制與注意事項】  
資料可能存在某些欄位的缺漏值，尤其是較早期年份的設備資料。部分時間欄位以文字形式呈現，使用時需注意格式一致性。此外，若需深入分析發電效率或環境影響，建議結合其他如發電量、燃料消耗及排放數據，以獲得更完整的資訊。

【6. 潛在價值】  
此資料集能協助政策制定者及產業決策者了解火力及核能複循環機組的現況與發展趨勢，支持設備更新與擴充計畫，提升能源利用效率並減少環境負擔。研究人員亦可利用此資料進行技術分析與市場預測，促進能源科技創新與綠色轉型。

【7. 其他補充（分類說明）】  
本資料集屬於發電設備類統計報告，專注於火力及核能發電廠中的複循環機組設備概況。它不包含輸電、配電或售電相關資訊，專注於發電端設備的技術及容量資料，是能源產業基礎設施管理的重要參考來源。"
統計年報-發電統計-火力及核能發電廠設備概況(4)-三、柴油機,發電,"發電, 火力發電, 柴油機, 設備概況, 容量分析, 時間序列, 資產管理, 能源政策, 監管統計, 火力","【1. 核心描述】  
本資料集「統計年報-發電統計-火力及核能發電廠設備概況(4)-三、柴油機」記錄了台灣地區火力及核能發電廠中柴油機設備的詳細資訊。資料涵蓋多個年度，內容包括各柴油機機組的名稱、製造廠商、燃料種類、裝置容量（以兆瓦計）、併聯及商轉時間等，反映柴油機發電設備的基本狀況與運作時間序列。

【2. 應用場景】  
該資料集適合用於分析柴油機發電設備的容量分布與運作狀況，協助發電效率評估、設備維護規劃、應急備用電源管理，以及能源結構調整。政策制定者可利用此資料評估柴油機在整體發電系統中的角色，電力公司則可用於優化資產管理與未來擴充計畫。

【3. 背景資訊】  
資料由相關能源主管機關或統計部門彙整，目的是全面掌握火力及核能發電廠中柴油機設備的現況，支持能源產業監管與規劃。柴油機作為重要的輔助發電設備，尤其在緊急或尖峰負載期間發揮關鍵作用，因此需要定期蒐集其設備資訊。

【4. 資料特徵】  
資料包含9個欄位，涵蓋整數型態的「年」欄位，文字描述的「發電設備」、「電廠名稱」、「柴油機_機組別」、「柴油機_製造廠商」、「柴油機_燃料種類」、「併聯年月」、「商轉年月」等欄位，以及浮點數的「裝置容量_mw」。資料呈現時間序列特性，可反映設備併入與商轉的時間點，方便追蹤設備使用歷程。更新頻率多為年度發布。

【5. 使用限制與注意事項】  
資料中可能存在欄位缺漏（例如部分設備缺乏完整併聯或商轉年月），且僅涵蓋柴油機設備，不包含其他發電類型。對於完整的發電狀況分析，建議搭配其他類型發電設備資料及用電負載數據使用。此外，資料主要為設備概況，無即時運轉或發電量數據，使用時需注意其局限性。

【6. 潛在價值】  
透過本資料集，使用者能了解柴油機設備的分布及規模，輔助評估其在能源供應中的可靠性與靈活性。對產業來說，有助於合理安排維修保養與更新策略，降低故障風險。對政策制定者，則能作為能源結構調整、減碳策略及備載容量規劃的重要參考依據。

【7. 其他補充（分類說明）】  
本資料集屬於發電設備類別，專注於火力發電廠中柴油機部分，屬於火力發電設備的子分類。其內容補充了火力及核能發電設備的整體統計，提供能源產業更細緻的設備資訊。"
統計年報-發電統計-火力及核能發電廠設備概況(5)-(6)-三、柴油機,發電,"火力發電,核能發電,柴油機,裝置容量,發電設備管理,能源政策,容量分析,發電統計,發電,能源產業","【1. 核心描述】  
本資料集記錄了台灣地區柴油機型火力及核能發電廠設備的基本概況，涵蓋設備名稱、裝置容量、機組別、製造廠商及燃料種類等資訊。資料以年度為單位，時間範圍涵蓋多年度的發電設備狀況，地理範圍主要集中於本地的火力發電廠，特別是使用柴油機的發電機組。資料反映了發電設備的裝置容量與啟用狀態，有助於了解發電基礎設施的分布與性能。

【2. 應用場景】  
此資料集適合用於火力發電設備的容量分析、設備老化與更新評估、發電效率改善研究，以及能源供應穩定性的監控。能源規劃者可以藉此了解柴油機發電設備的分布與性能，進行輸配電規劃或緊急備用電源管理。此外，能源政策制定者可根據設備特性與燃料類型，評估能源結構調整與減碳策略的可行性。

【3. 背景資訊】  
資料由能源主管機關或相關統計單位定期蒐集，目的是掌握國內火力及核能發電設備的現況，特別是柴油機發電機組的運作狀態。此舉有助於確保電力供應安全，支持國家能源政策的制定與執行，並促進能源產業的透明度與效率提升。

【4. 資料特徵】  
資料包含9個欄位，涵蓋數值型態（如裝置容量_mw、年）、文字型態（如電廠名稱、機組別、製造廠商、燃料種類）、以及時間字串（併聯年月、商轉年月）。淨尖峰供電能力以瓩為單位，表示該機組在尖峰時段可提供的淨供電能力。資料更新頻率通常為年度，反映該年度發電設備的最新狀況。

【5. 使用限制與注意事項】  
由於部分欄位如「淨尖峰供電能力」為文字格式，使用前可能需進行資料清理與格式轉換。資料可能存在缺漏值或更新延遲，尤其是設備啟用年月等欄位。單純依賴此資料集無法全面評估發電效率或發電量，需搭配其他發電量、運轉狀況及燃料消耗資料，方能深入分析。

【6. 潛在價值】  
透過本資料，決策者與研究者可有效掌握柴油機發電設備的容量分布與啟用狀況，協助制定設備維護與更新計畫，優化能源結構與調度策略。對於商業應用，資料有助於電力產業相關企業了解市場現況，規劃投資佈局或開發替代能源方案，提升整體能源供應的穩定性與效率。

【7. 其他補充（分類說明）】  
本資料集屬於發電設備統計範疇，專注於火力發電中的柴油機機組，並涵蓋部分核能發電廠設備基本資訊。資料主要反映發電端設備概況，與輸電、配電或售電等環節資料有所區隔，適合用於發電設備管理與能源政策分析。"
統計年報-發電統計-火力及核能發電廠設備概況(7)-四、氣渦輪機,發電,"發電, 火力發電, 核能發電, 氣渦輪機, 裝置容量, 設備管理, 運維決策, 能源政策, 台灣能源, 發電設備分析","【1. 核心描述】  
本資料集記錄了台灣地區火力及核能發電廠中氣渦輪機設備的相關資訊，涵蓋設備的基本特性與運行時間。資料內容包括各氣渦輪機的裝置容量、製造廠商、燃料種類、所屬電廠及機組名稱，並標示其併聯及商轉年月。時間範圍主要以年度為單位，資料反映當年度設備的狀態與規模，地理範圍主要集中於台灣地區的火力與核能發電設施。

【2. 應用場景】  
此資料集適合用於發電設備現況分析，例如評估氣渦輪機的裝置容量與性能分布，進行設備老化與更新規劃，或支援能源產業的運維決策。此外，可以用於發電結構分析、燃料使用效率研究、發電廠佈局優化及政策制定等場景，協助政府與企業制定更有效的能源發展策略。

【3. 背景資訊】  
資料由相關能源管理或統計機構編製，目的是掌握火力及核能發電設備的現況，支援國家能源政策與電力系統規劃。火力與核能發電仍為台灣主要的電力來源，透過詳細記錄氣渦輪機設備特性，有助於提升發電效率、維護電網穩定，並因應能源轉型挑戰。

【4. 資料特徵】  
資料包含九個欄位，涵蓋數值類型與文字類型資訊：  
- 「年」以整數表示資料年份；  
- 「發電設備」、「電廠名稱」、「機組別」、「製造廠商」、「燃料種類」、「併聯年月」、「商轉年月」均為文字類型，提供設備識別與運行時間資訊；  
- 「裝置容量_mw」為文字格式的裝置容量，單位為兆瓦（MW），可轉換為數值進行分析。  
資料通常以年度為更新頻率，反映當年度設備狀況。

【5. 使用限制與注意事項】  
資料中部分欄位如「裝置容量_mw」為文字格式，需轉換為數值後才能用於計算分析。欄位可能存在缺漏值，尤其是併聯年月與商轉年月，使用時需注意資料完整性。由於資料聚焦於氣渦輪機設備，無法獨立反映整體發電量或效率，建議搭配發電量或運行狀態等其他資料使用，以獲得更全面的分析結果。

【6. 潛在價值】  
透過本資料集，決策者與研究人員可以掌握氣渦輪機設備的分布與規模，評估發電資產結構與老化狀況，有助於規劃設備更新與維護策略。企業可依據裝置容量與製造商資訊優化供應鏈管理，政府則能依據燃料種類與設備現況推動能源政策調整，提升能源使用效率與環保效益。

【7. 其他補充（分類說明）】  
本資料集屬於發電分類，專注於火力及核能發電廠中氣渦輪機設備的統計報告。資料內容提供設備層級的詳細資訊，適合作為發電設備管理與分析的重要依據。"
統計年報-發電統計-火力及核能發電廠設備概況(7)-五、核能發電廠,發電,"核能發電, 發電設備管理, 時間序列分析, 裝置容量, 設備效能, 能源政策, 核能安全, 發電, 台灣能源, 設備年齡分析","【1. 核心描述】  
此資料集記錄了台灣核能發電廠的設備概況，涵蓋核能發電廠內各發電機組的基本資訊，包括裝置容量、製造廠家、設備型式以及設備併聯與商轉時間等。資料以年度為單位，反映特定年份的核能發電設備狀況，範圍專注於核能發電場別及其機組，地理位置主要是台灣境內的核能發電廠。

【2. 應用場景】  
這份資料集可用於發電設備管理與效能分析，幫助能源管理單位掌握核能發電機組的運作狀況與設備年齡，支援發電效率評估和維護計畫制定。此外，政府與能源政策制定者能藉此資料了解核能設備的更新時程，進行能源結構與安全規劃。學術研究方面，也可用來分析核電設備的技術演進與產業發展。

【3. 背景資訊】  
資料由具官方授權的能源統計機構收集，目的是提供完整且準確的核能發電設備資料，支持能源產業的監管與發展。核能作為台灣重要的低碳能源來源，對於能源供給穩定與環境政策具有關鍵意義，因此需要系統化地掌握核能設備現況。

【4. 資料特徵】  
資料欄位包含年度（整數）、發電設備名稱、場別、機組別、裝置容量（以MW表示）、製造廠家（核蒸氣供應系統與汽輪發電機）、設備型式（核蒸氣供應系統與汽輪發電機），以及設備的併聯與商轉年月（文字格式）。裝置容量為數值型態，其他欄位多為文字型態。資料以年度更新，適合時間序列分析。

【5. 使用限制與注意事項】  
部分欄位如併聯年月與商轉年月可能以文字格式存放，需留意格式一致性以利分析。資料中可能存在缺漏值，尤其是早期設備的製造商或型式資料，使用時需確認完整性。此外，資料僅涵蓋核能發電設備，若需全面能源分析，建議搭配其他能源類型的發電資料使用。

【6. 潛在價值】  
此資料能幫助能源管理者掌握核能發電廠的設備狀況，評估設備老化與替換需求，提升核電廠安全與運作效率。對政策制定者來說，有助於規劃未來核能發展與能源轉型策略。對產業研究者與投資者而言，資料提供核能設備的技術與產業趨勢參考，促進技術創新與市場決策。

【7. 其他補充（分類說明）】  
本資料集屬於核能發電設備的統計報告，分類於發電端設備管理範疇，不包含輸配電或售電相關資料。專注於火力及核能發電廠中的核能部分，對核能發電產業鏈上游設備監控具有重要參考價值。"
統計年報-發電統計-空氣污染排放量,發電,"發電, 空氣污染, SOx排放, NOx排放, 粒狀物, 環境監測, 排放趨勢, 清潔能源, 政策制定, 發電環境影響","【1. 核心描述】  
本資料集記錄了台灣地區各發電廠及其機組在不同年度所排放的主要空氣污染物量，包括硫氧化物（SOx）、氮氧化物（NOx）及粒狀污染物的排放數據。資料涵蓋年度範圍，並依能源種類、電廠名稱與機組別進行分類，提供詳細的污染排放量及與上年度比較的變化百分比，反映出發電活動對空氣品質的影響。

【2. 應用場景】  
此資料集適用於環境監測與評估、發電效率與污染控制分析、政府能源政策制定、環境保護法規的執行監督，以及企業社會責任報告撰寫等場景。研究人員與決策者可利用此資料追蹤污染物排放趨勢，進行排放減量效果評估，並規劃未來能源結構與環境治理策略。

【3. 背景資訊】  
資料由相關能源監管機構或環保單位蒐集，基於政府對空氣品質管制及發電產業污染排放監督的需求而建立，目的是確保能源產業符合環境標準，並促進清潔能源發展。透過系統性統計與公開報告，提升產業透明度及公眾環境意識。

【4. 資料特徵】  
資料集包含13個欄位，主要為數值型資料（公斤與百分比）及類別文字欄位（能源別、電廠別、機組別、年度）。核心指標為各污染物的年度排放量、上年度數值及年度間的差異百分比。資料以年度為時間序列單位，定期更新，反映最新的排放狀況。

【5. 使用限制與注意事項】  
資料可能存在缺漏值或因測量標準差異導致的偏差，使用時需注意數據完整性。部分排放量數據可能需結合其他環境監測資料（如氣象條件、排放標準）以全面解釋。另外，年度差異百分比反映相對變化，單獨觀看應搭配絕對排放量判斷。

【6. 潛在價值】  
本資料集有助於政府與企業掌握發電產業的污染排放現況與趨勢，支持制定更有效的環保政策與減排目標。研究機構可利用數據分析污染來源與影響，推動技術創新與改善環境品質。對於投資與市場分析，亦能評估企業環境風險與可持續發展能力。

【7. 其他補充（分類說明）】  
本資料集屬於發電領域中的環境監測分類，專注於發電過程中的空氣污染物排放數據，與輸電、配電或售電等能源流程環節區分明確。此分類有助於針對發電階段的環境影響進行專門分析與管控。"
統計年報-發電統計-電力排碳係數,發電,"發電, 碳排放係數, 時間序列, 環境影響, 減碳政策, 台灣電力, 碳足跡, 能源轉型, 統計報告, WAND-發電","【1. 核心描述】  
本資料集記錄了台灣地區歷年發電所產生的電力排碳係數，數據以年度為單位，反映每度電（千瓦時）所對應的二氧化碳當量（CO2e）排放量，單位為公斤CO2e/度。資料涵蓋的時間範圍依年份呈現，主要聚焦於電力生產過程中的碳排放強度，地理範圍涵蓋全國電力系統。

【2. 應用場景】  
此資料集適用於評估台灣電力系統的碳排放效能，協助能源政策制定者監控與降低電力部門的碳足跡。也可用於發電效率分析、綠色能源推廣成效評估、企業或公共機構的碳排放盤查，以及環境影響研究等領域。

【3. 背景資訊】  
隨著全球氣候變遷議題日益受到重視，台灣政府及相關單位持續推動電力結構轉型與減碳目標，故收集並發布此類電力排碳係數資料，提供決策參考和透明資訊。資料來源通常為國家能源主管機關或電力公司統計年報。

【4. 資料特徵】  
資料集包含兩個欄位：年度（文字格式）與電力排碳係數（數值，單位為公斤CO2e/度）。資料以年度為時間單位，屬於時間序列數據，方便觀察排碳係數的變化趨勢。資料更新頻率通常為每年一次，對應年度統計結果。

【5. 使用限制與注意事項】  
資料可能未涵蓋細分區域或不同發電技術的排碳差異，僅為全國整體平均值，使用時需注意解讀的適用範圍。此外，若要進行更精細的環境影響評估，建議搭配發電量、能源結構及排放源分類等其他資料使用。資料中若有缺漏需留意官方公告。

【6. 潛在價值】  
透過分析電力排碳係數的變化趨勢，相關單位可評估減碳政策與新能源導入的成效，優化能源結構規劃。企業和研究機構也可利用該資料作為碳足跡計算基礎，推動綠色轉型與永續發展策略。

【7. 其他補充（分類說明）】  
本資料集屬於統計報告類別，重點在於發電階段的碳排放強度，屬於發電產業相關資料，主要用於分析發電過程中的環境影響，與輸電、配電或售電階段的數據有所區隔。"
統計年報-輸配電統計-歷年各月份平均負載,售電,"輸配電, 平均負載, 時間序列, 負載分析, 用電需求, 網路規劃, 能源政策, 系統穩定性, 電力統計, 輸配電負載","【1. 核心描述】  
本資料集「統計年報-輸配電統計-歷年各月份平均負載」記錄了特定地區在不同年份及月份的電力平均負載數據。資料涵蓋多年歷史時間範圍，透過逐年逐月的平均負載（以瓩為單位）反映電力系統在不同時段的用電需求狀況，主要聚焦於輸配電階段的負載表現。

【2. 應用場景】  
此資料集適用於多種情境，包括電力系統的負載分析、輸配電網路規劃與優化、用電需求預測、季節性及年度用電行為研究，以及協助制定能源政策和供需管理策略。業界及政府機構可利用這些歷史負載資料來評估系統穩定性和提升供電效率。

【3. 背景資訊】  
本資料由相關能源管理或電力監管機構基於電力系統運行監測需求所收集，目的是系統性地追蹤輸配電階段的用電負載變化。透過定期統計，協助掌握整體電力消費趨勢，為電網安全與能源管理提供重要依據。

【4. 資料特徵】  
資料包含三個主要欄位：  
- 「年」(整數型態)，代表資料所屬的年度；  
- 「月」(文字型態)，表示月份名稱；  
- 「平均負載_瓩」(浮點數型態)，代表該年該月的平均電力負載，單位為瓩（千瓦）。  
資料呈現時間序列結構，反映每年每月的平均負載值。更新頻率通常為年度或月度，視資料發布規律而定。

【5. 使用限制與注意事項】  
資料可能存在某些月份的缺漏值或因特殊事件導致數據異常，使用時需留意資料完整性和異常點的影響。此外，平均負載數據主要反映整體系統負載，若需細分特定區域或用戶類別，可能需結合其他細緻資料進行分析。

【6. 潛在價值】  
透過分析歷年月負載變化趨勢，決策者可更精準地規劃輸配電網路容量與升級時程，提高系統運行效率與可靠性。研究者可利用資料探索季節性用電行為及長期用電成長趨勢，企業則能根據負載特性調整用電策略，達成節能減碳目標。

【7. 其他補充（分類說明）】  
此資料集屬於電力系統中的「輸配電」分類，專注於輸電與配電階段的負載統計，不涵蓋發電端或售電端的數據。適合作為輸配電網路管理與規劃的基礎資料來源。"
統計年報-輸配電統計-歷年各月份尖峰負載,發電,"尖峰負載, 時間序列, 輸配電, 負載監測, 電力需求, 系統規劃, 需求預測, 台灣電力, 能源統計, 供電可靠性","【1. 核心描述】  
本資料集記錄了歷年各月份的尖峰負載數據，涵蓋了每年每個月在特定地區電力系統中的最大電力需求，單位為瓩（千瓦）。資料反映了輸配電系統在不同時間段的負載狀況，有助於觀察電力需求的變化趨勢與季節性波動。資料時間範圍涵蓋多年度，地理範圍以台灣地區為主。

【2. 應用場景】  
此資料集可用於分析電力系統的尖峰負載趨勢，協助發電廠和電網操作單位評估系統容量和調度策略。對於輸配電規劃、供電可靠性評估、用電行為研究以及能源政策制定者而言，能提供重要的參考依據，支持需求預測與資源配置決策。

【3. 背景資訊】  
資料由相關電力監管機構或能源統計單位彙整，目的是監控和管理電力系統的負載情況，確保電力供應安全且有效率。此類資料有助於能源產業理解用電高峰期的特性，並針對未來的電網擴充及升級制訂合理計畫。

【4. 資料特徵】  
資料欄位包括「年」（整數型態）、「月」（文字型態）與「尖峰負載_瓩」（文字型態，數值代表千瓦數）。資料呈現時間序列形式，反映每年每月的最大用電負載。更新頻率通常為年度或月度，依據資料發布機制而定。

【5. 使用限制與注意事項】  
尖峰負載欄位以文字形式呈現，使用前需轉換為數值型態以利分析。資料可能存在缺漏月份或年份，需留意完整性。此外，僅有尖峰負載數據，缺乏其他用電相關指標，若需深入分析用電結構或原因，建議搭配其他用電量或用戶類型資料使用。

【6. 潛在價值】  
透過掌握尖峰負載的歷史變化，相關單位能更有效進行電力系統規劃與風險管理，避免供電不足或過度投資。研究人員也能藉此分析經濟活動、氣候因素對用電需求的影響，支援政策制定與節能措施推動，提升能源利用效率與系統穩定性。

【7. 其他補充（分類說明）】  
本資料集屬於輸配電領域，專注於電力系統中負載的監測與統計，為能源統計報告的一部分。其資料性質屬於授權類型，使用時應遵守相關授權規定。"
統計年報-輸配電統計-歷年各月份負載率,輸電,"輸配電, 負載率, 時間序列, 電力系統, 系統運維, 用電行為, 智慧電網, 能源轉型, 電力規劃, 輸配電","【1. 核心描述】  
這份資料集記錄了歷年各月份的輸配電系統負載率，主要反映電力系統在不同時間點的使用強度。資料涵蓋的時間範圍包含多年度的每一個月份，地理範圍則聚焦於特定區域或國家的輸配電網絡。負載率以百分比形式呈現，表示輸配電系統的實際負載與其最大承載能力之比。  

【2. 應用場景】  
此資料集適用於分析輸配電系統的運作效率與負載狀況，協助電力公司進行系統規劃與維護管理。也可用於用電行為研究，了解不同季節或月份用電需求變化。此外，政策制定者可依據負載率趨勢，評估能源供需平衡與未來擴充需求，支援智慧電網及能源轉型策略。  

【3. 背景資訊】  
資料由相關能源監管機構或電力公司統計整理，旨在監控輸配電系統的運行狀況，確保電力供應穩定與安全。透過定期統計負載率，能即時掌握系統壓力，減少停電風險，並促進電力產業的健康發展。  

【4. 資料特徵】  
資料集包含三個欄位：年份（整數型態）、月份（文字型態）、年負載率（百分比數值型態）。資料以時間序列方式呈現，每筆資料對應特定年月的負載率。更新頻率通常為每年一次，涵蓋完整年度的月度數據。  

【5. 使用限制與注意事項】  
資料中可能存在部分月份的缺漏值，需留意資料完整性。負載率反映的是系統整體狀況，若進行區域性分析，可能需搭配其他更細分的地理或用電資料。因為數據為年度統計，短期變動或突發事件的細節無法從中直接觀察。  

【6. 潛在價值】  
此資料集有助於電力系統運營者掌握輸配電網路的負載趨勢，提前規劃設備擴充或維護時程，降低故障風險。研究者可利用負載率判斷用電高峰與季節性變化，協助能源效率提升與需求管理。政策制定者則能依據數據支持長遠的電力基礎建設與能源轉型策略。  

【7. 其他補充（分類說明）】  
本資料集屬於輸配電領域的統計報告，專注於電網負載狀況的量化分析，屬於電力系統運營管理的重要參考資料。"
統計年報-輸配電統計-歷年變電所容量,輸電,"輸配電, 變電所容量, 電力容量, 電網規劃, 負載分析, 供電可靠性, 能源政策, 輸電, 配電, 電力基礎設施","【1. 核心描述】  
本資料集記錄了歷年來各類變電所的容量數據，涵蓋超高壓變電所、一次變電所、配電變電所以及二次變電所的容量，單位均為千仟伏安（kVA）。資料依年度整理，反映了變電所容量隨時間的變化趨勢，地理範圍涵蓋整體電力系統的輸配電設施狀況。透過此資料可了解電力系統中不同層級變電所的設備規模與發展狀況。

【2. 應用場景】  
此資料集適用於多種情境，例如：分析電力系統的輸配電能力與負載承載力，協助電力規劃與升級決策；評估電網擴充及維護需求；支援能源政策制定，特別是在提升供電穩定性和可靠性方面；亦可用於學術研究，探討電力基礎設施的發展趨勢與區域差異。此外，對於能源產業相關企業，能協助制定投資策略及風險評估。

【3. 背景資訊】  
此資料集由相關電力主管機關或能源統計部門編製，目的是系統性收集並公開輸配電系統中各類變電所的容量資訊，以促進透明化管理與有效監督。電力行業需要掌握這些基礎設施的容量變動，以配合整體電力供需平衡和電網安全運行的策略需求。

【4. 資料特徵】  
資料包含五個欄位，分別為「年」（整數型態，表示資料年份）及四類變電所容量數值欄位（數值型態，單位為千仟伏安），分別為超高壓變電所、一次變電所、配電變電所和二次變電所。數據以年度為單位更新，反映每年變電所容量的變化。

【5. 使用限制與注意事項】  
資料中可能存在缺漏值，特別是在較早年份或特定類別的變電所容量數據。此外，容量數據本身反映的是設備的額定容量，並不代表實際運行負載水平。為完整理解電網狀況，建議搭配用電負載資料、發電數據及區域電網拓撲資料一併分析。使用時需留意資料更新頻率，避免用過時數據做出決策。

【6. 潛在價值】  
本資料集能協助政府與企業掌握輸配電系統的基礎設施現況與演變，支持電網規劃和升級改造，提升供電可靠度與安全性。對學術研究而言，可用於分析電力系統容量增長趨勢及其對能源轉型的影響。商業上，有助於投資評估、風險管理及市場預測，促進能源產業的健康發展。

【7. 其他補充（分類說明）】  
本資料屬於輸配電類別，專注於變電所容量的統計報告。變電所是電力系統中負責電壓轉換和配電的重要設施，分為超高壓、一次、二次及配電等不同層級，反映了電力從發電廠到終端用戶的傳輸與分配過程中各階段的容量配置與能力。"
統計年報-輸配電統計-輸電及配電設備概況,配電,"輸配電, 輸電設備, 配電設備, 電力基礎設施, 電網規劃, 設備維護, 結構化數據, 網路容量, 能源政策, 輸配電","【1. 核心描述】  
本資料集記錄了台灣地區輸電及配電設備的基本概況，涵蓋電力系統中不同類型線路及其相關的設備數量與規模。資料以年度為單位，包含各系統及線路種類的線路長度（以回線公里計）及各種支撐結構（如鐵塔、鋼管桿、鐵柱、水泥桿、木桿）的數量。資料範圍涵蓋全台輸配電網路的基礎設施狀況，提供近年來輸配電設備的整體發展狀況。

【2. 應用場景】  
此資料集適用於電力系統規劃與管理，例如評估輸配電網路的容量與覆蓋範圍、進行設備維護與更新策略分析、優化輸配電線路配置，以及支持能源政策制定與投資決策。此外，研究用電行為或電網可靠性時，也可結合此資料了解基礎設施條件。

【3. 背景資訊】  
資料由相關電力監管或統計機構收集，目的在於掌握國內電力輸配電設施的現況，確保電網穩定運作以及未來的基礎建設規劃。該資料反映了能源產業中輸配電部門的基礎設施狀況，是政府與企業制定政策和策略的重要依據。

【4. 資料特徵】  
主要欄位包括年度（整數型態）、系統名稱與線路別（文字型態）、線路長度（浮點數，單位為回線公里），以及各類支撐結構的數量（數值型態，單位為座或桿）。資料為結構化數據，通常以年度為更新頻率，反映每年輸配電設備的變化。

【5. 使用限制與注意事項】  
資料中可能存在缺漏值或因採集範圍限制而未涵蓋部分設備，使用時需注意資料的完整性。此外，僅憑本資料無法了解設備性能或電力流動情況，建議結合其他電力負載或運行資料以獲得更全面的分析結果。

【6. 潛在價值】  
透過分析此資料集，能夠掌握輸配電網路的基礎結構分布與演變趨勢，協助決策者進行電網擴建、更新或維護計畫，有效提升電力供應的穩定性與效率。對於能源政策制定者、電力公司及相關產業而言，這是理解電力基礎設施現況與未來發展的關鍵資料來源。

【7. 其他補充（分類說明）】  
本資料集屬於輸配電分類，專注於輸電及配電設備的統計與描述，涵蓋了從高壓輸電線路到低壓配電網路的結構設施，並未包含發電或售電相關數據。"
統計年報-輸配電統計-供電區營業處設備概況,輸電,"輸配電, 電力設備, 容量分析, 區域分布, 年度統計, 電網規劃, 基礎設施, 台灣電力, 輸配電設備, 輸配電","【1. 核心描述】  
本資料集「統計年報-輸配電統計-供電區營業處設備概況」記錄了台灣不同供電區域內輸配電設備的狀況與分布情況。資料涵蓋的時間為年度級別，包含多個年度的設備數據。地理範圍涵蓋主要的六個供電區域：台北、新桃（新竹與桃園）、台中、嘉南、高屏及花東，並提供各區域的設備數量及總計。資料主題聚焦於輸配電設備的容量與分布，有助於了解台灣電力系統的基礎建設狀況。

【2. 應用場景】  
此資料集適用於多種情境，包括：評估輸配電設備的配置與容量，協助電力公司進行輸配電網路規劃與升級；分析不同區域的設備狀況，支持用電需求預測與基礎設施投資決策；能源政策制定者可利用數據了解各區域設備現況，制定更符合實際需求的發展策略；學術研究者也可用於能源系統與電力網絡的結構分析。

【3. 背景資訊】  
資料由相關電力管理機構或能源統計單位編製，目的是為了掌握台灣輸配電設備的年度變化與區域分布，支援國家電力系統的管理與規劃。隨著用電量與電網複雜度增加，持續更新設備概況資料有助於確保電力供應的穩定與安全，並促進能源產業的有效發展。

【4. 資料特徵】  
資料包含10個欄位，主要分為時間欄位「年」（整數型態），設備分類「設備別」（文字型態），設備電壓等級「kv」（文字型態），以及六個供電區域的設備數量（浮點數型態），最後為「總計」欄位呈現所有區域設備數量的合計。資料以年度為單位更新，反映每年輸配電設備的現況。

【5. 使用限制與注意事項】  
資料可能存在缺漏值或更新延遲，使用時需確認數據的完整性與最新狀況。由於資料以年度彙整，無法反映短期內的設備變動或故障狀況。此外，僅有設備數量與分布，缺乏設備性能、使用狀況或維護資料，若需深入分析，可能需結合其他如用電量、設備效率或維修紀錄的資料集。

【6. 潛在價值】  
此資料有助於提高電力系統規劃的精準度，支持決策者有效分配資源，預防供電瓶頸，提升電網穩定性與可靠性。對能源產業投資者及管理者而言，能提供重要的基礎設施現況參考，有助於風險評估與未來發展策略制定。學術研究方面，亦可作為能源系統結構研究與區域電力發展分析的重要數據來源。

【7. 其他補充（分類說明）】  
本資料集屬於「輸配電」分類，專注於電力系統中電能的輸送與分配設備概況，涵蓋變電站、輸電線路等基礎設施的容量與分布情況，與發電或售電領域數據相輔相成，形成完整的電力產業資料生態。"
統計年報-輸配電統計-區營業處別二次變電所及配電線,配電,"輸配電, 配電系統, 變電所統計, 配電線路, 電力容量, 區域電網, 系統規劃, 電力基礎設施, 輸配電管理, 配電","【1. 核心描述】  
本資料集記錄了台灣地區各區營業處別的二次變電所及配電線相關統計數據，涵蓋年度資料，反映電力輸配電系統的基本結構和規模。資料內容包括二次變電所的數量與主變壓器容量，以及配電線路的總長度與配電變壓器的數量和容量，呈現區域電力輸配狀況的時序變化。

【2. 應用場景】  
此資料集適用於電力公司或能源管理機構進行輸配電系統規劃與優化，評估區域供電能力與負載分布，協助提升發電與配電效率。此外，政府部門可依此分析用電基礎設施現況，制定合理的能源政策與投資計畫。學術研究者亦可利用此數據探討電力系統的發展趨勢與區域差異。

【3. 背景資訊】  
資料由相關電力管理機構或統計單位依據年度營運及設備資料編製，旨在監控和記錄輸配電設備的規模與分布情況。隨著電力需求成長與系統升級，持續收集此類資料有助於保障電網安全穩定，並推動智慧電網等現代化建設。

【4. 資料特徵】  
主要欄位包含年份（整數）、區營業處別（文字類別）、二次變電所數量（大整數）、二次變電所主變壓器容量（數值，單位為千伏安）、配電線路回線長度（浮點數，單位為公里）、配電變壓器台數（數值）及容量（數值，單位同樣為千伏安）。數據多為數值型態，區營業處別為分類型。資料通常以年度為更新頻率。

【5. 使用限制與注意事項】  
資料可能存在部分缺漏值或統計口徑差異，尤其在少數區營業處的設備資料上。由於僅提供硬體設備數據，無法直接反映用電負載或實際運行狀況，建議搭配用電量、負載資料等其他數據進行綜合分析。此外，容量單位需留意千伏安的換算與解讀。

【6. 潛在價值】  
本資料集有助於掌握區域輸配電基礎設施的現況與變化，支援電力系統容量評估與風險管理，優化設備配置與維護計畫，提升供電可靠性。對政策制定者而言，有助於制定合理的電網擴建與升級策略，促進能源轉型與永續發展。

【7. 其他補充（分類說明）】  
本資料集屬於輸配電分類，專注於電力系統中二次變電所及配電線路的統計分析，涵蓋配電層級的基礎設施規模與分布情況，適合用於輸配電網絡規劃與管理相關研究與應用。"
統計年報-輸配電統計-歷年輸配電線路長度,配電,"輸配電, 輸電線路, 配電線路, 電力基礎設施, 歷史數據, 時間序列, 電網擴展, 資產管理, 智慧電網, WAND-輸電, WAND-配電","【1. 核心描述】  
本資料集記錄了台灣地區歷年來輸配電線路的總長度統計，涵蓋輸電與配電系統中電力線路的年度變化情況。資料時間範圍涵蓋多年累積的歷史數據，反映電力基礎建設的發展趨勢。地理範圍主要集中於台灣全境，描述不同年份輸配電線路的規模和長度變化。

【2. 應用場景】  
此資料集適合用於電力系統基礎設施的發展分析，協助評估電網擴展與升級的趨勢。可應用於輸配電規劃、基礎建設投資決策、能源政策制定，以及電力公司進行長期資產管理和效率提升研究。此外，也能作為學術研究或市場分析的基礎數據。

【3. 背景資訊】  
輸配電線路是電力系統中關鍵的基礎設施，負責將發電廠產生的電力有效傳送至用戶端。該資料由相關政府部門或電力管理機構蒐集，旨在監控和評估國家電力網路的建設與運作狀況，以支持能源產業的規劃和政策制定。

【4. 資料特徵】  
資料集包含5個欄位，主要為年度、線路類型、線路長度等指標，屬於結構化的時間序列數據。數據中以數值形式呈現線路長度，並以年份標示時間序列。資料更新頻率通常為年度更新，反映每年輸配電線路的累積長度。

【5. 使用限制與注意事項】  
由於欄位詳細內容未完全揭示，使用者需注意可能存在的缺漏或分類不明確狀況。此外，資料僅反映線路長度，未包含輸電容量、負載狀況或線路性能等資訊，若需深入分析電網運作效能，建議搭配其他相關數據使用。

【6. 潛在價值】  
透過分析歷年輸配電線路長度變化，相關單位可掌握電網擴張速度與規模，評估電力基礎建設的發展是否符合用電需求成長。此資料亦可協助預測未來電網需求，支援智慧電網建設和綠能整合策略，促進能源產業的永續發展與管理優化。

【7. 其他補充（分類說明）】  
本資料集屬於輸配電領域中的基礎統計報告，主要聚焦於輸電線路與配電線路的物理規模，為電力系統基礎設施類別的資料。此分類有助於用戶快速界定資料用途與適用範圍。"
統計年報-輸配電統計-超高壓及一次、配電變電所負載實績,售電,"輸配電, 變電所負載, 負載分析, 容量評估, 尖峰負載, 電力供應, 年度統計, 電網規劃, 能源管理, 台灣電力","【1. 核心描述】  
此資料集記錄了台灣地區超高壓及一次、配電變電所的負載實績數據，涵蓋年度層級的容量與供電量狀況。資料反映了每年變電所的容量大小、實際供電量、平均負載與尖峰負載等關鍵指標，時間範圍主要集中於近年度的統計資料，地理範圍涵蓋全台各類型變電所。透過這些數據，可以了解變電站的運作效能與電力供應狀況。

【2. 應用場景】  
此資料集適用於多種能源產業與政策相關的分析場景，例如發電與輸配電系統的效率評估、輸配電網路規劃與容量預測、用電負載分析，以及協助能源管理單位制定供電安全策略。此外，學術研究或市場分析也能利用這些數據來探索用電行為變化、尖峰負載管理，以及未來電力需求趨勢。

【3. 背景資訊】  
此資料集由相關能源管理或電力公司所編制，目的是監控與評估全台灣電力輸配系統的運作狀況，確保供電穩定與安全。隨著能源轉型及用電需求變化，持續收集變電所負載數據對於優化電網運作、提升能源效率與制定合理政策具有重要意義。

【4. 資料特徵】  
資料欄位包含「變電所種類」與「變電所別」等文字欄位，以及年度（整數型態）和多項數值指標，如容量（單位：千伏安）、供電量（千度）、平均負載與尖峰負載（均為瓩），並附有與前一年度比較的百分比變化。數據呈現年度時間序列，便於觀察年度間的變化趨勢。資料更新頻率通常為每年一次，反映上一年度的統計結果。

【5. 使用限制與注意事項】  
資料可能存在缺漏值或某些變電所資料未完整蒐集的情況，使用者需留意數據完整性與代表性。此外，為更全面理解電力負載狀況，建議搭配用電結構、氣候條件或其他電力系統資料一同分析。比較數據時，需注意容量與負載指標的單位與定義，以避免誤解。

【6. 潛在價值】  
透過分析此資料集，決策者能掌握電力系統的運作效能與瓶頸，有助於提前規劃輸配電設施擴充，優化電網資源分配，並提高供電安全性。對企業而言，可依據負載趨勢調整營運策略，提升能源使用效率。學術與產業研究亦能藉此資料深入探討用電行為變化及尖峰負載管理策略。

【7. 其他補充（分類說明）】  
本資料集屬於「輸配電」分類，專注於變電所負載的實際運作數據，涵蓋超高壓、一次及配電層級的變電設施。並非直接記錄發電或售電資料，因此在完整能源系統分析時，建議搭配相關發電與售電資料使用，以獲得全面視角。"
統計年報-售電統計-歷年售電量,售電,"售電, 用電趨勢, 時間序列, 能源政策, 市場需求, 能源效率, 售電量分析, 台灣電力, 統計報告","【1. 核心描述】  
此資料集「統計年報-售電統計-歷年售電量」記錄了台灣地區多年來的售電量統計資料，涵蓋電燈用電與電力用電兩大類別。資料以年度為時間單位，呈現每年售出的電量（以度數計）、各電力類別佔總售電量的比例（構比）、以及年度間的增加率。透過這些數據，可以清楚了解不同用電類別的發展趨勢與變化。

【2. 應用場景】  
此資料集適合用於分析不同用電類別的消費趨勢與成長情況，對於能源供應商評估市場需求、政府制定用電政策、以及研究用電行為變化均有幫助。具體應用包括售電量趨勢分析、用電結構評估、能源效率改善、以及長期能源規劃。

【3. 背景資訊】  
此資料由相關能源或電力統計機構編制，目的是提供全面且系統性的售電量數據，協助政府和產業單位掌握用電市場動態，推動能源管理與政策制定。背景涵蓋能源產業對市場監控和政策調整的需求。

【4. 資料特徵】  
資料包含9個主要欄位，包括年度（整數）、電燈用電量（度數）、電燈用電占比（百分比）、電燈用電年增率（百分比）、電力用電量（度數）、電力用電占比（百分比）、電力用電年增率（百分比）、總售電量（度數）、以及總售電量年增率（百分比）。數據型態主要為數值型，呈現時間序列形式，通常每年更新一次。

【5. 使用限制與注意事項】  
資料可能存在歷史統計上的缺漏或修正，且僅涵蓋售電量數據，未包含用電戶數或用電價格等其他重要資訊。為全面分析用電行為，建議搭配其他用電結構或消費者行為資料。此外，年度更新頻率可能限制短期分析的精準度。

【6. 潛在價值】  
透過分析歷年售電量及其變化率，可以幫助能源決策者評估市場需求增長趨勢，支持能源供應計畫和節能政策調整。商業上，售電企業可據此調整銷售策略與資源配置，學術研究則能基於此資料探討用電行為與能源轉型議題。

【7. 其他補充（分類說明）】  
此資料集屬於「售電」類別，專注於售電端的用電量統計，不涵蓋發電、輸電或配電環節，主要反映最終用戶的用電狀況，為能源產業中售電市場分析的重要基礎資料。"
統計年報-售電統計-歷年售電量明細～電燈,售電,"售電, 電燈用電, 時間序列, 能源需求預測, 節能評估, 用電行為, 台灣市場, 電力銷售, 售電統計, 照明能源","【1. 核心描述】  
本資料集「統計年報-售電統計-歷年售電量明細～電燈」記錄了台灣地區歷年來關於電燈用電的售電量數據，涵蓋年度電力銷售情況。資料主要反映不同類型電燈（包燈與表燈）及其用途（營業用與非營業用）的用電量，以度（kWh）為單位，呈現每年度的用電變化趨勢。

【2. 應用場景】  
此資料集適用於分析電燈用電量的變化與趨勢，對於能源需求預測、節能效益評估、用電行為研究、以及能源政策制定都有重要參考價值。電力公司及政府機關可利用此資料進行售電策略調整和市場監管，也可支持學術研究和商業決策。

【3. 背景資訊】  
資料由相關能源管理或電力監管機構編製，目的是統計並監控電燈類用電市場的供需狀況，促進電力資源合理分配與有效管理。透過系統性蒐集歷年售電數據，有助於掌握民生與商業照明用電的變化，支持能源產業持續優化。

【4. 資料特徵】  
資料欄位包括年度（整數型態）與五種電燈用電量指標（數值型態，單位為度），分別是包燈用電量、表燈用電量、合計用電量、非營業用電燈用電量及營業用電燈用電量。資料為年度彙整，屬時間序列型態，適合長期趨勢分析。數據更新頻率為每年一次。

【5. 使用限制與注意事項】  
資料中可能存在缺漏值或報表更新滯後情況，使用時需留意資料完整性。由於資料僅涵蓋電燈類售電量，無法反映其他用電類型，若需全盤分析能源使用狀況，建議搭配其他類型用電資料共同使用。此外，資料未提供更細分的地理或用戶類別資訊，解讀時需注意範圍限制。

【6. 潛在價值】  
本資料有助於了解照明用電的需求結構與變化趨勢，支持節能減碳政策的制定與評估。電力企業可根據售電數據調整營運策略，提升服務效率。研究機構則可利用資料探討社會用電行為變遷，並推動相關技術創新與市場發展。

【7. 其他補充（分類說明）】  
該資料集屬於「售電」分類，專注於電力銷售端的用電量統計，區分了電燈用電的不同類型與用途。其內容有助於售電市場的監測與分析，與發電、輸電、配電等其他環節資料互補，構成完整的電力產業數據體系。"
統計年報-售電統計-歷年售電量明細～電力(98年之前),售電,"售電統計, 歷史用電, 時間序列, 台灣電力, 售電量分析, 配電, 高壓售電, 低壓售電, 能源政策, 電力市場","【1. 核心描述】  
此資料集記錄了台灣地區98年（西元2009年）之前的歷年售電量明細，主要涵蓋不同電壓層級的售電數據。數據依年度整理，反映該期間內低壓（分為非營業與營業用）、低壓電力以及高壓與特高壓等多種電力售出量，單位為度（千瓦時）。該資料提供了過去數十年內各類用電市場的電力銷售情況，時間範圍涵蓋多年歷史資料，地理範圍聚焦於台灣地區。

【2. 應用場景】  
此資料集適合應用於歷史售電趨勢分析，用以了解不同用電類別在過去的電力消耗狀況，對發電廠輸出需求預測、輸配電網規劃、用電行為研究及能源政策制訂具有參考價值。研究人員和政策制定者可藉此評估過去的電力供需變化，輔助調整未來電力市場策略及基礎建設發展。

【3. 背景資訊】  
該資料由台灣相關電力管理或統計機構彙整，目的是紀錄及監控電力市場的銷售狀況，促進能源管理與規劃。售電量作為能源產業的重要指標，有助於理解電力消費結構及市場變化，支援政府與業界在能源供應與需求間達成平衡。

【4. 資料特徵】  
資料包含六個欄位：年度（整數型態）及五個售電量指標（大整數型態），分別為低壓綜合非營業用、低壓綜合營業用、低壓電力、高壓及特高壓電力，以及電力合計。數據主要為數值型態，依年度排列，呈現時間序列特性。資料更新頻率為年度一次，反映每年累計的售電量。

【5. 使用限制與注意事項】  
由於資料涵蓋時間較早（98年之前），可能存在紀錄不完整或分類標準與現今有所不同的情況。資料中若有缺漏值，需謹慎處理。此外，單獨使用售電量數據可能無法完整反映用電設備類型、用戶行為變化等細節，建議搭配其他用電結構或人口經濟資料進行綜合分析。

【6. 潛在價值】  
該資料有助於回顧歷史用電模式與市場結構變遷，支持能源政策制定者掌握過去需求趨勢，優化電力系統規劃與投資決策。商業上，電力公司可利用此資料評估不同用戶類別的用電特性，提升售電策略與服務品質，並作為能源效率改善的基礎參考。

【7. 其他補充（分類說明）】  
此資料集屬於售電統計範疇，主要聚焦於電力銷售量的統計報告，涵蓋發電後至用戶端的售電量分布，與發電、輸電、配電等其他環節的資料互補，提供完整的電力市場供需分析基礎。"
統計年報-售電統計-歷年售電量明細～電力(98年以後),售電,"售電量, 年度數據, 電壓分級, 時間序列, 用電趨勢, 售電, 電力市場, 能源政策, 台灣電力, 售電","【1. 核心描述】  
本資料集記錄了自民國98年（西元2009年）以來台灣地區歷年的售電量明細，涵蓋不同電壓等級的售電數據，包括低壓、高壓與特高壓電力的銷售度數，以及各年度的電力合計總量。資料呈現年度為時間軸，反映台灣電力銷售的變化趨勢，地理範圍主要聚焦於台灣本島。

【2. 應用場景】  
此資料集適用於多種能源相關分析與決策場合，如發電與供電效率評估、輸配電網路規劃、用電需求趨勢研究，以及能源政策制定與監管。電力公司和政府機構可藉由分析不同電壓層級的售電量，優化資源分配與基礎建設投資，學術研究者也能用來觀察用電行為與產業發展的關聯。

【3. 背景資訊】  
資料來源於官方統計年報，由相關能源主管機關或電力公司編制，旨在提供透明且系統化的電力市場銷售狀況。隨著台灣電力市場的發展與轉型，收集此類售電量數據有助於監控市場供需平衡，支持能源轉型與永續發展策略。

【4. 資料特徵】  
資料包含五個主要欄位：年度（整數型態）、低壓電力、高壓電力、特高壓電力及電力合計（皆為浮點數，單位為度，即千瓦時）。資料以年度為基本時間單位，呈現時間序列特性。數據更新頻率為年度更新，反映每年售電量的統計結果。

【5. 使用限制與注意事項】  
資料可能存在缺漏值或資料調整情況，尤其早期年度資料的完整性需注意。此外，售電量數據僅反映銷售端，不包含發電量或用電端的詳細結構，若需深入分析用電行為或電網負載，建議搭配其他如發電量、用戶分類或時間分段用電資料以獲得完整視角。

【6. 潛在價值】  
透過本資料集，決策者可掌握不同電壓等級的用電需求變化，協助優化電網建設與調度策略，有效因應用電高峰與電力供需挑戰。學術與產業研究則能藉此分析能源消耗趨勢，促進節能減碳政策的制定與評估，提升整體能源效率與經濟效益。

【7. 其他補充（分類說明）】  
本資料集屬於售電層面統計，聚焦於電力銷售量的紀錄，區別於發電、輸電或配電資料。透過售電數據，可間接反映終端用戶用電情況，尤其在電壓分類上可推估工業、商業與住宅用電特性，為售電市場分析提供基礎數據支持。"
統計年報-售電統計-歷年電費收入明細～電燈,售電,"售電, 電燈用電, 電費收入, 時間序列, 用戶分類, 市場分析, 能源經濟, 電費政策, 售電統計, 台灣","【1. 核心描述】  
本資料集記錄了歷年來「電燈」用電部分的電費收入明細，涵蓋不同用戶類別及計費方式的電費金額。資料以年度為時間維度，呈現電燈用電的包燈與表燈兩種計費方式下的收入數據，並細分為營業用與非營業用兩大類別。資料的地理範圍雖未特別標示，但通常與台灣地區的售電統計相關。

【2. 應用場景】  
此資料集適用於分析電燈用電市場的收入結構，例如評估不同用戶類型的用電行為、電費收取結構及趨勢。可用於能源政策制定、電費調整參考，也適合用於售電業者的營運分析及市場策略規劃。此外，研究用電負載趨勢及電費收入變動，對於電力產業的財務與經營判斷也有幫助。

【3. 背景資訊】  
資料由與電力售電相關的官方機構或研究單位編制，旨在統計與監督電力市場中電燈用電部分的收入狀況。收集此類資料有助於政府及產業掌握電費收取情形、用戶分類及其變化，進而支持合理訂價與能源管理政策的制定。

【4. 資料特徵】  
資料包含6個主要欄位，包含年份（整數型態）以及多個以新台幣計價的電費收入數值欄位，包括「電燈_包燈」、「電燈_表燈」、「電燈_合計」、「電燈_另分類_非營業用」與「電燈_另分類_營業用」。這些欄位主要為數值型態，呈現年度電費收入金額，屬於時間序列資料。資料更新頻率為年度。

【5. 使用限制與注意事項】  
資料中可能存在缺漏值，特別是在某些年度或分類下的電費收入未完整揭露。由於資料主要針對電燈用電，若需全面了解整體用電或其他用電類別的收入，需搭配其他相關資料集使用。此外，資料未明確標示地理範圍，使用時應確認適用範圍及資料來源說明。

【6. 潛在價值】  
這份資料能幫助政府與業者掌握電燈用電市場的收入結構及變化趨勢，支持電費政策的調整與市場監管。對於研究用電行為、能耗管理及能源經濟分析也具參考價值。商業層面上，有助於售電公司評估不同用戶類型的營收貢獻，優化服務策略及產品設計。

【7. 其他補充（分類說明）】  
本資料集屬於「售電」範疇，專注於電力銷售端的經濟數據，特別是針對「電燈」用電類別的電費收入明細。與發電、輸電或配電等其他電力產業環節資料區分明確，適合用於售電相關的統計分析與決策支持。"
統計年報-售電統計-歷年電費收入明細～電力(98年之前),售電,"售電, 電費收入, 歷史資料, 時間序列, 用電類別, 電力市場, 能源經濟, 政策分析, 營收結構, 台灣","【1. 核心描述】  
這份資料集記錄了台灣地區98年（西元2009年）之前歷年電費收入的明細，主要涵蓋售電階段的收入數據。數據依年度區分，細分為不同用電類別，包括低壓綜合非營業、低壓綜合營業、低壓電力以及高壓及特高壓用電的電費收入，並提供整體電力收入的合計值。資料反映的是過去一段時間內電力銷售的經濟表現，範圍聚焦於電力售電端。

【2. 應用場景】  
這份資料集適用於多種情境，例如分析不同用電類別的電費收入趨勢，協助了解歷史售電市場結構變化。可用於評估電力公司營收來源的組成，支持電力產業營運策略規劃與價格政策調整。此外，也可作為能源經濟研究、政策制定、以及用電行為分析的基礎資料，有助於制定更符合市場實況的能源政策與商業決策。

【3. 背景資訊】  
該資料集由相關政府或公營電力機構彙整與授權發布，目的在於提供歷年電力售電收入的統計資料，以促進電力產業透明度與政策制定依據。由於電費收入直接反映了電力使用量與價格結構，這些數據對於監管單位、能源研究者及業界均具重要參考價值。

【4. 資料特徵】  
資料包含6個欄位，分別是「年度」（整數型態）、各類用電電費收入（低壓綜合非營業、低壓綜合營業、低壓電力、高壓及特高壓）以及「電力合計」，各電費收入欄位皆為大整數（元）。數據以年度為單位呈現，屬於時間序列資料，更新頻率為年度更新，但本資料集只涵蓋98年之前的歷史數據。

【5. 使用限制與注意事項】  
由於資料僅涵蓋98年之前的歷史時期，無法反映之後的市場變化與電價調整。資料中可能存在因統計方法或資料收集限制導致的缺漏值，使用時需注意資料完整性。除電費收入外，若需深入分析用電量或用戶行為，則需搭配其他用電量或用戶分類資料。使用者應留意數據單位及分類定義，以免誤解數據含義。

【6. 潛在價值】  
這份資料集有助於政策制定者了解過去電費結構及變動趨勢，支持制定合理的電價政策與補貼方案。對電力公司而言，可用於歷史營收分析與市場定位評估。學術界及研究機構亦可用來探討電力市場演變、用電結構變化，以及經濟成長對電費收入的影響，進一步促進能源效率提升與產業發展。

【7. 其他補充（分類說明）】  
本資料集屬於售電階段的統計報告，專注於電力銷售端的經濟數據，並無直接涵蓋發電、輸電或配電技術層面的資訊。分類上明確區分不同電壓等級及營業性質的用電類別，有助於細緻分析各類用戶的電費收入結構。"
統計年報-售電統計-歷年電費收入明細～電力(98年以後),售電,"售電, 電費收入, 電壓分級, 時間序列, 市場分析, 電價策略, 能源經濟, 政策制定, 台灣電力, WAND-售電","【1. 核心描述】  
本資料集記錄了自民國98年（西元2009年）以後，台灣地區售電產業的電費收入明細，涵蓋不同電壓等級的電費收入數據。資料以年度為單位，分別統計低壓、高壓及特高壓電力的電費收入，並計算整體電力的合計收入，反映售電市場在該時期的營收情況。

【2. 應用場景】  
此資料集適用於分析電力銷售趨勢、評估不同電壓等級用戶的電費結構，協助能源公司或政府部門制定合理的電價策略與電力市場政策。此外，也可用於經濟研究、能源財務分析、以及用電行為分析，幫助規劃未來售電市場發展與電力資源配置。

【3. 背景資訊】  
該資料由相關能源統計或監管機構彙整，目的是監測售電市場的收入狀況，反映電力產業的經濟表現。此類資料有助於能源管理部門掌握市場動態，支持政策制定與監督，同時促進電力市場的透明化與合理競爭。

【4. 資料特徵】  
資料集包含五個欄位：年度（整數型態），低壓電力收入、高壓電力收入、特高壓電力收入及電力合計收入（皆為數值型態，單位為新台幣元）。數據以年度為時間單位定期更新，反映不同電壓層級用戶的售電收入狀況，方便進行時間序列趨勢分析。

【5. 使用限制與注意事項】  
資料可能存在因報表口徑或統計方式不同導致的細微差異，且未包含用戶數量或用電量等詳細資訊，因此建議搭配其他用電量資料或用戶結構資料以獲取完整分析視角。此外，資料更新頻率以年度為單位，無法反映短期內的變動，對於即時性分析則有一定限制。

【6. 潛在價值】  
透過分析不同電壓等級的電費收入變化，業界可洞察用戶結構與電力需求趨勢，協助優化售電策略與定價機制。政策制定者則能根據收入數據評估電價政策的影響，推動能源產業的可持續發展。學術研究和市場分析亦可利用此資料探討售電市場經濟效益及結構變遷。

【7. 其他補充（分類說明）】  
本資料屬於售電分類，專注於電力銷售端的經濟數據，與發電、輸電及配電環節的資料相輔相成，提供售電市場的財務與經濟狀況概覽。"
統計年報-售電統計-歷年用戶數明細～電燈,售電,"售電, 電燈用戶, 用戶結構, 時間序列, 用電負載預測, 客戶管理, 能源政策, 市場分析, 長期趨勢, 售電","【1. 核心描述】  
本資料集「統計年報-售電統計-歷年用戶數明細～電燈」記錄了某區域或國家歷年來使用電燈類別用戶的數量統計，涵蓋年度時間序列數據。內容包含不同類型的電燈用戶數（如包燈用戶與表燈用戶），以及用戶的營業與非營業分類。資料反映了電燈用戶在時間上的變化趨勢，便於觀察用電戶數的結構及規模變動。

【2. 應用場景】  
此資料集適用於分析電燈用戶的成長情況與結構變化，能協助電力公司進行用電負載預測、售電策略調整和客戶管理。亦可用於研究用戶類型與用電需求的關聯，為輸配電規劃提供參考，甚至支持能源政策制定與市場分析，特別是在推動能源效率或節能措施時，了解電燈用戶構成十分重要。

【3. 背景資訊】  
資料由相關能源主管機關或電力統計機構所收集，目的是監控電力市場用戶結構及用電行為變化，作為電力供應與管理的基礎資料。隨著電力市場開放與多元化服務的發展，掌握售電用戶數據有助於維持電網穩定運作及提升服務品質。

【4. 資料特徵】  
資料欄位包含年度（整數型態），電燈用戶數分為包燈用戶數、表燈用戶數及合計用戶數（數值型態），另有電燈用戶結構比率（百分比型態），並細分為營業用與非營業用用戶數。整體為時間序列資料，反映年度變動。更新頻率為年度更新，適合長期趨勢分析。

【5. 使用限制與注意事項】  
資料可能存在缺漏值，特別是在早期年份或特定分類下。數據僅反映用戶數量，未包含實際用電量，若需全面評估用電行為，建議搭配用電量資料或其他相關數據使用。此外，不同地區定義的「包燈」或「表燈」標準可能有所不同，使用時需留意定義一致性。

【6. 潛在價值】  
透過本資料集，決策者與研究者可掌握電燈用戶的發展趨勢與結構變化，有助於預測未來用戶需求，優化電力資源配置，並制定更精準的能源政策或市場策略。商業上，電力公司可依據用戶分類調整產品與服務，提升客戶滿意度與經營效益。

【7. 其他補充（分類說明）】  
本資料集屬於售電分類，專注於電燈用戶的售電用戶數統計，與發電、輸電或配電資料不同，主要反映最終用戶端的用戶結構與數量變化，有助於了解終端用電市場的基本狀況。"
統計年報-售電統計-歷年用戶數明細～電力,售電,"售電, 用戶數統計, 電力市場分析, 低壓用戶, 高壓用戶, 時間序列, 台灣電力, 市場結構, 政策制定, 售電","【1. 核心描述】  
本資料集記錄了台灣地區歷年電力用戶數的詳細統計，涵蓋低壓、高壓及特高壓用戶的數量，以及整體電力用戶的合計數字。資料以年度為時間單位，反映不同電壓等級用戶數的變化趨勢，並包含電燈電力用戶的總數及其年度增加率。此資料有助於了解台灣電力市場的用戶結構與成長狀況。

【2. 應用場景】  
此資料集適用於多種情境，包括電力公司進行用戶結構分析、發展市場拓展策略、以及政府部門在制定能源政策時的參考。也可用於評估不同電壓等級用戶的需求變化，協助輸配電系統規劃，以及研究用電行為與產業發展趨勢。

【3. 背景資訊】  
資料由相關能源管理機構或電力公司彙整，目的是提供電力產業及政策制定者一個準確的用戶基礎數據來源。隨著台灣經濟發展與用電需求變遷，定期統計用戶數有助於掌握市場動態與基礎建設需求。

【4. 資料特徵】  
資料欄位包括：年度（整數型態），低壓用戶數、高壓及特高壓用戶數、用戶合計數（皆為數值型態），以及電力用戶結構比例（百分比）、電燈電力用戶總數及其年度增加率（百分比）。數據以年度為單位更新，呈現時間序列特性，方便觀察長期趨勢。

【5. 使用限制與注意事項】  
資料可能存在年度間統計口徑調整或資料缺漏情況，使用時需注意不同年度間的可比性。此外，僅以用戶數為指標，未涵蓋各用戶實際用電量，若需分析消費行為或負載特性，建議搭配用電量資料或其他相關數據。

【6. 潛在價值】  
透過分析用戶數變化與結構比例，決策者可以掌握產業發展、預測電力需求成長，有助於優化電網建設與資源分配。對學術研究或市場分析亦提供基礎數據支持，促進能源效率提升及永續發展策略制定。

【7. 其他補充（分類說明）】  
此資料集屬於售電層面統計，聚焦於電力用戶數的歷年變化，主要反映售電市場的規模與結構，非直接涵蓋發電、輸電或配電技術細節。適合用於售電市場分析與相關政策評估。"
統計年報-售電統計-歷年售電量年平均增加率,售電,"售電, 年平均增長率, 市場趨勢, 時間序列, 能源政策, 需求預測, 電力銷售, 統計分析, 售電分類, 電力市場","【1. 核心描述】  
本資料集記錄了歷年售電量的年平均增加率，涵蓋特定時間區間內（由起始年到終止年）的售電量變化百分比。資料反映了售電市場在不同時期的成長趨勢，提供對於整體用電需求變化的統計觀察，地理範圍多半涵蓋國家或地區層級的售電市場。

【2. 應用場景】  
此資料集適用於分析售電市場的成長速度與趨勢，有助於能源供應商評估市場需求變化，政府機關制定相關能源政策，並輔助電力公司在售電策略、投資規劃及資源分配上做出更明確的判斷。此外，也可用於學術研究中探討能源消費行為與經濟發展的關聯。

【3. 背景資訊】  
資料由相關能源監管機構或電力統計單位蒐集，目的是為了監控售電市場的發展狀況，協助政府與產業界掌握用電趨勢，支援能源政策制定與市場監督。隨著能源市場逐漸開放與多元化，準確的售電數據成為推動能源轉型與效率提升的關鍵資訊。

【4. 資料特徵】  
主要欄位包括起始年及終止年（整數型態），以及該區間內的年平均售電量增加率（百分比，數值型態）。資料以年度為單位，呈現時間序列特性，方便用戶觀察不同期間的成長趨勢。更新頻率依資料發布單位可能為年度或定期更新。

【5. 使用限制與注意事項】  
資料中可能存在因統計方法、資料蒐集方式不同所帶來的差異，部分時期數據可能不完全，需留意缺漏或異常值。由於僅提供年平均增長率，無法直接反映絕對售電量數據，若需深入分析須搭配其他如總售電量、區域分布等資料。

【6. 潛在價值】  
透過本資料集，使用者可掌握售電市場的長期成長趨勢，協助企業與政策制定者預測未來用電需求，優化電力供應與銷售策略。同時，可支援能源效率提升計畫與市場競爭分析，促進能源產業健康發展。

【7. 其他補充（分類說明）】  
本資料集屬於售電分類，聚焦於電力市場中售電量的成長率統計，與發電、輸電、配電等環節相互補充，共同構成完整的電力產業數據體系。"
統計年報-售電統計-行業別電力用戶數,售電,"售電, 用戶數據, 行業用電, 時間序列, 市場分析, 能源政策, 節能減碳, 售電統計, 電力市場, 售電","【1. 核心描述】  
本資料集記錄了不同年度各行業別的電力用戶數量。涵蓋的範圍包含多個行業類別，資料以年份為時間軸，反映每年各行業中使用電力的用戶數變化情況。地理範圍通常為特定國家或地區的統計數據，主要用於呈現行業用電客戶的規模與趨勢。

【2. 應用場景】  
此資料集適用於分析不同行業的用電需求規模，進行售電市場結構評估，並作為能源供應與需求平衡的參考依據。可用於用電行為研究、行業電力用戶的成長趨勢分析，幫助電力公司或政策制定者規劃售電策略與推動能源管理政策。

【3. 背景資訊】  
該資料由能源管理或統計機構依照年度統計報告整理，目的是掌握國內各行業的電力用戶狀況，支持能源產業的監管與發展。收集此資料有助於政府與產業界了解市場結構，進而制定合理的售電政策與市場管理措施。

【4. 資料特徵】  
資料包含三個主要欄位：年度（整數型態），行業別（文字型態），以及用戶數（大整數型態）。資料呈現為橫跨多年度的時間序列，能反映不同行業用戶數的歷年變化。資料通常以年度為更新頻率，呈現年度統計結果。

【5. 使用限制與注意事項】  
資料中可能存在行業分類變動或定義更新，使用時需注意行業別一致性。用戶數為統計數字，可能因統計口徑或報送方式差異而有誤差。此外，單純用戶數無法直接反映用電量大小，若需深入分析用電行為，建議搭配用電量資料使用。

【6. 潛在價值】  
透過分析各行業用電用戶數的變化趨勢，能協助電力公司精準掌握市場需求結構，優化售電服務與資源配置。政策制定者也可依此調整能源政策，推動各行業節能減碳目標，促進能源產業健康發展。

【7. 其他補充（分類說明）】  
本資料集屬於售電統計類別，專注於用戶端的統計資訊，與發電、輸電或配電資料有所區隔，主要反映售電市場中的用戶分布情況，是售電市場分析與規劃的重要依據。"
統計年報-售電統計-行業別電力售電量,售電,"售電, 行業用電, 電力需求, 時間序列, 節能減碳, 能源政策, 市場分析, 產業趨勢, 統計報告, 售電","【1. 核心描述】  
本資料集記錄了不同產業別在各年度的電力售電量，單位以「度」計算。資料涵蓋的時間範圍為多個年度，反映各行業用電量的年度變化情形，地理範圍通常涵蓋特定國家或地區的整體產業電力消費狀況。透過此資料集，可清楚掌握各行業的電力需求規模與趨勢。

【2. 應用場景】  
此資料集適用於能源政策制定者分析行業用電結構，協助制定節能減碳策略；企業可用於評估不同行業的用電規模，作為市場開發或設備升級參考；電力公司則可利用資料進行售電策略調整與需求預測；學術研究者亦可用於探討產業發展與能源消費之間的關聯性。

【3. 背景資訊】  
該資料由相關政府機構或能源統計部門蒐集整理，目的是監測並評估國內各行業的電力消費狀況，支援國家能源管理與產業發展規劃。隨著能源轉型及節能減排的重要性提升，蒐集此類資料以促進透明且科學的能源政策制定。

【4. 資料特徵】  
主要欄位包括「年度」（整數型態，表示數據所屬年份）、「行業別」（文字型態，標示不同產業分類）及「售電量」（大整數型態，單位為度，表示該產業年度電力銷售量）。資料呈現為時間序列形式，可觀察年度變化趨勢。更新頻率通常為年度一次，反映當年度完整的行業電力售電狀況。

【5. 使用限制與注意事項】  
資料可能存在缺漏值，特別是新興產業或細分產業的數據較不完整；行業分類標準可能隨時間調整，需留意版本差異；此外，此資料僅反映售電量，未包含自發自用電力或其他能源形式，若需完整能源消費分析，建議結合其他能源資料使用。

【6. 潛在價值】  
透過分析不同行業的用電量變化，決策者可有效掌握產業發展動態與能源需求趨勢，優化能源分配與調度；企業能藉此評估市場機會與競爭態勢，並推動節能改造；學術界亦可從中發掘能源政策對產業結構調整的影響，促進可持續發展研究。

【7. 其他補充（分類說明）】  
本資料集屬於「售電」範疇，專注於電力銷售至各行業的數據，與發電、輸電、配電等資料類型相互補充。其定位為統計報告類型，有助於提供產業用電全貌，支持能源管理與產業分析。"
統計年報-售電統計-歷年各月份售電量,售電,"售電量, 時間序列, 電力市場, 需求預測, 能源政策, 負載管理, 市場分析, 售電, 長期趨勢, 電力消費","【1. 核心描述】  
本資料集記錄了歷年各月份的售電量數據，涵蓋多年度的時間範圍，顯示不同月份的電力銷售總量，數據以度（kWh）為單位。資料主要反映了某地區或國家的電力市場中，售電給最終用戶的電力量變化趨勢，但未特別標明具體地理區域，適合作為電力消費量的長期觀察指標。

【2. 應用場景】  
此資料集適用於分析用電行為的季節性與年度變動，如電力需求預測、能源效率評估、電力市場趨勢研究等。政府部門或能源公司可利用該數據制定能源政策、規劃售電策略，或配合其他電力相關資料進行輸配電網絡優化與負載管理。

【3. 背景資訊】  
該資料集由相關能源監管機構或電力統計單位收集整理，目的是提供全面且持續的售電量統計，支持能源產業監管及市場分析。透過長期資料追蹤，能夠掌握電力市場的用電需求變化，促進可持續能源發展及合理資源配置。

【4. 資料特徵】  
資料包含三個欄位：年度（整數型態）、月別（文字型態）、售電量（數值型態，單位為度）。資料呈現為時間序列格式，反映每年每月的售電量數據。通常此類統計資料會定期更新（如每月或每年），以反映最新的電力市場狀況。

【5. 使用限制與注意事項】  
資料可能存在缺漏值或資料延遲更新情況，且僅包含售電量總數，未細分用戶類別或地理分布，使用時需注意資料的完整性與代表性。為了更全面理解售電量變化，建議搭配其他如發電量、輸配電損失、用戶結構等資料共同分析。

【6. 潛在價值】  
透過分析歷年各月份售電量，可以掌握用電高峰期與淡季，幫助電力公司優化資源調度與市場策略。政策制定者可依此評估能源需求趨勢，推動節能減碳措施。學術研究及商業應用亦能利用此資料進行市場預測、消費行為分析及創新服務開發。

【7. 其他補充（分類說明）】  
本資料集屬於售電類別，專注於電力市場中電力銷售部分的統計報告，與發電、輸電或配電等環節的資料有所區隔，主要反映最終用戶端的電力消費狀況。"
統計年報-售電統計-歷年各月份售電量明細～電燈,售電,"售電, 電燈用電, 時間序列, 用電趨勢, 需求預測, 節能分析, 售電管理, 台灣電力, WAND-售電, 能源統計","【1. 核心描述】  
本資料集記錄了台灣地區歷年各月份「電燈類別」的售電量數據，涵蓋年度與月份時間範圍。資料主要呈現每年每月售出的電燈用電量，以度數（kWh）為單位，反映該期間內電燈用電的總消耗情形，有助於了解用電趨勢與季節變化。

【2. 應用場景】  
此資料集適用於分析電燈類用電的季節性及年度變化，能協助能源公司或政策制定者評估售電狀況、優化售電策略、進行需求預測及用電行為研究。此外，也可用於發電與輸配電規劃，確保電力供應穩定，並支持節能政策的制定與評估。

【3. 背景資訊】  
該資料由相關能源管理機構或電力公司統計並發布，目的是監控及分析售電量變化，支持能源產業的運營與政策規劃。隨著能源需求多元化與管理精細化，定期收集並分享售電數據成為行業標準，以提升整體能源使用效率與可持續發展。

【4. 資料特徵】  
資料包含三個欄位：年度（整數型態）、月份（文字型態）、售電量（數值型態，單位為度）。資料呈現時間序列結構，反映每年每月的電燈售電量。數據更新頻率通常為每年一次，對應統計年報發布週期。

【5. 使用限制與注意事項】  
資料中可能存在缺漏月份或異常值，使用時應注意資料完整性與一致性。由於僅涵蓋電燈類售電量，無法反映其他用電類別的情況，若需全面用電分析，建議搭配其他用電類別資料。售電量單位為度，解讀時應留意單位換算。

【6. 潛在價值】  
透過分析歷年電燈售電量變化，決策者可以掌握用電趨勢，優化電力調度與資源分配，促進節能減碳目標達成。研究人員可基於此資料探討用電行為變化與技術進步對電燈用電的影響，企業則可利用數據調整市場策略，提高營運效率。

【7. 其他補充（分類說明）】  
本資料集屬於售電類統計報告，專注於售電環節的用電量明細，特別是電燈類別的用電情況。它是能源產業中售電管理與統計分析的重要基礎資料，與發電、輸電及配電資料相互補充，共同支持整體電力系統的有效運作。"
統計年報-售電統計-歷年各月份售電量明細～電力,售電,"售電量, 時間序列, 用電行為分析, 能源消費趨勢, 電力需求預測, 售電市場, 政策制定, 統計報告, 售電","【1. 核心描述】  
此資料集記錄了歷年各月份的售電量明細，涵蓋了特定年度與月份的電力銷售數據。資料主要反映了在某一地區或國家內，不同時間點（年與月）電力銷售的總量，以度（kWh）為單位呈現。此資料有助於了解電力消費的時間分布與變化趨勢，時間範圍涵蓋多個年度，地理位置則依資料來源機構而定，通常為該機構所管轄的區域或國家。

【2. 應用場景】  
此資料集適用於多種情境，包括用電行為分析、能源消費趨勢研究、售電市場分析、電力需求預測及能源政策制定。電力公司可以利用此數據優化售電策略，政府部門可藉此評估能源政策成效，研究機構亦能用來分析季節性或年度售電變化，協助規劃未來電力資源分配。

【3. 背景資訊】  
資料集由相關能源監管機構或電力統計單位收集，目的是統計並公開電力售電狀況，促進產業透明化及政策制定依據。透過長期累積的售電數據，相關單位能監控市場動態，支持電力市場的合理運作與發展。

【4. 資料特徵】  
主要欄位包含「年度」（整數型態）、代表月份的「月別」（文字型態）以及「售電量」（浮點數，單位為度）。資料呈現為結構化表格，屬於時間序列數據，反映每年每月的售電數值。更新頻率通常為每月或每年度彙整一次，依資料發布政策而定。

【5. 使用限制與注意事項】  
資料可能存在缺漏值，特別是在某些月份或年度的數據尚未完整或尚在彙整中。此外，僅依此資料無法得知售電的細分用戶類型或地理細節，若需深入分析需搭配其他資料集（如用戶分類、區域分布等）共同使用。使用者應注意資料授權限制，遵守相關使用規範。

【6. 潛在價值】  
此資料集能協助企業與政府機構釐清電力消費模式與需求高峰，進而優化電力調度與售電策略，提升能源利用效率。對研究人員而言，資料有助於揭示能源消費趨勢及季節性變化，支持能源經濟與環境影響研究。商業上，電力銷售數據有助於制定價格策略及市場拓展計畫。

【7. 其他補充（分類說明）】  
本資料集屬於售電領域統計報告，專注於電力銷售量的記錄與分析，不包含發電量、輸電或配電細節。適合用於售電市場的監控與分析，是能源產業鏈中售電環節的重要數據來源。"
統計年報-售電統計-歷年每度平均單價,售電,"售電價格, 電價趨勢, 歷年數據, 能源經濟, 政策分析, 市場透明化, 售電, 價格統計, 用電行為, 售電市場","【1. 核心描述】  
這個資料集記錄了歷年來售電時，每度電的平均單價變化情形，涵蓋電燈和電力兩大類別的售價，以及合計的平均價格。資料以年度為時間單位，反映不同年度中用電種類的價格走勢。資料主要適用於特定國家或地區的售電市場，協助了解電價的歷史變化。

【2. 應用場景】  
此資料集可用於分析電價趨勢，評估能源成本變動對用戶的影響，並支援制定合理的電價政策。此外，在能源經濟研究、用電行為分析、以及售電市場競爭狀況評估等方面均有應用價值。企業或政府部門可透過這些數據優化售電策略與價格調整。

【3. 背景資訊】  
該資料集通常由政府能源主管機關或電力市場監管單位編製，目的是提供售電價格的官方統計，促進市場透明化與公平競爭。透過長期資料的蒐集，能夠反映能源政策調整與市場供需變化對電價的影響。

【4. 資料特徵】  
資料包含四個欄位：年度（整數型態）、電燈每度平均單價（數值型態，單位為元）、電力每度平均單價（數值型態，單位為元）、以及合計平均單價（數值型態，單位為元）。資料以年度為時間序列，通常年度更新一次，呈現長期趨勢。

【5. 使用限制與注意事項】  
資料可能存在缺漏值，特定年份或類別的數據不完整。由於售電價格受多重因素影響，單靠此資料無法完整解釋價格變動，建議搭配用電量、政策變遷及市場供需等資料綜合分析。此外，資料未涵蓋地理分布細節，使用時需注意其區域適用範圍。

【6. 潛在價值】  
透過分析歷年售電平均單價的變化，可協助政策制定者評估過去政策效果，為未來價格調整提供依據。能源企業亦能根據價格趨勢調整銷售策略，提升市場競爭力。學術與市場研究機構則可利用資料進行能源經濟與消費行為的深入探討。

【7. 其他補充（分類說明）】  
此資料集屬於售電環節的統計報告，專注於售電價格資訊，與發電、輸電或配電等其他能源產業階段資料分別管理和使用。"
統計年報-售電統計-歷年每度平均單價明細～電燈,售電,"售電, 電價趨勢, 電燈用電, 時間序列, 價格分析, 台灣能源, 能源政策, 售電價格, 用戶分類, 售電","【1. 核心描述】  
本資料集記錄了歷年來「電燈」用電的每度平均售電單價明細，涵蓋了不同用戶類別的電價資訊。資料以年度為時間單位，反映在特定年份台灣地區電燈用電的價格變動情況，包含包燈、表燈兩種計價方式及非營業用、營業用的細分類別。此資料可讓使用者了解不同類型電燈用戶在不同年度所支付的電價狀況。

【2. 應用場景】  
此資料集適用於分析電燈用電的價格趨勢，對於電力公司或政策制定者在制定電價策略、評估價格調整影響具有參考價值。此外，也能用於用電成本分析、能源消費行為研究及電力市場發展趨勢掌握，幫助企業與研究機構做出更合理的能源管理和規劃。

【3. 背景資訊】  
該資料由台灣相關能源監管機構或統計單位編製，目的是提供透明且系統化的售電價格資訊，促進電力市場的公平競爭與合理定價。收集這些數據有助於政府監控售電市場動態，並為調整能源政策和電價結構提供依據。

【4. 資料特徵】  
資料包含6個欄位，分別為年度（整數型態）、電燈包燈與表燈的每度平均電價（數值型態，單位為新台幣元），以及合計價格和按營業用與非營業用分類的平均電價。數據呈現為時間序列形式，通常按年度更新一次，方便追蹤長期價格變化。

【5. 使用限制與注意事項】  
資料可能存在缺漏值或年度間計價方式調整的情況，使用時需注意不同年份的定義與計費標準是否一致。此外，價格數據僅涵蓋電燈用電部分，若需完整了解整體電力成本，建議搭配其他用電類別資料使用。資料未涵蓋實際用電量，僅提供平均價格資訊。

【6. 潛在價值】  
本資料有助於提升電力市場透明度，支持政策制定者評估價格調整的經濟影響，同時協助企業控制用電成本，優化能源使用策略。對學術研究而言，可作為分析能源價格趨勢與用戶行為變化的重要基礎資料，促進能源效率與可持續發展的研究。

【7. 其他補充（分類說明）】  
資料屬於售電分類，專注於電燈用電部分的售電價格統計，主要反映售電階段的價格資訊，與發電、輸電或配電等其他能源環節的資料有所區分。此分類有助於針對終端用戶的電價結構進行細緻分析。"
統計年報-售電統計-歷年每度平均單價明細～電力(98年之前),售電,"售電, 電價趨勢, 歷史數據, 電力市場, 台灣電力, 時間序列, 能源經濟, 政策分析, 售電價格, 售電","【1. 核心描述】  
本資料集記錄了台灣地區98年（2009年）之前歷年每度電的平均售電單價，涵蓋不同用電類別的價格資訊。資料中包含低壓綜合非營業用電、低壓綜合營業用電、低壓電力用電以及高壓及特高壓用電等多種電壓等級的售電價格，反映了過去台灣電力市場中各類用電者的平均電價狀況。

【2. 應用場景】  
此資料集適用於能源經濟分析、歷史電價趨勢研究、電力市場價格結構分析以及政策制定參考。對於發電廠商、電力公司和政府機構來說，可用於評估過去的價格政策與用電行為，支持電費調整、成本控制及市場規劃等決策。此外，也有助於學術研究和能源消費模式的長期追蹤。

【3. 背景資訊】  
資料由台灣電力公司或相關政府單位統計編制，目的在於掌握各用電類別的電價變化及趨勢，促進電力市場透明化，並為未來能源政策與電價調整提供依據。此資料反映了台灣電力產業在98年之前的售電價格結構，是了解電力市場歷史的重要參考。

【4. 資料特徵】  
資料包含6個欄位：年度（整數型態），以及五項不同用電類別的平均售電單價（數值型態，單位為元）。這些價格數據按年度更新，呈現時間序列特性，便於觀察電價隨時間的變化。用電類別涵蓋低壓非營業用、低壓營業用、低壓電力用及高壓及特高壓用電，最後還有電力合計欄位，提供整體平均電價。

【5. 使用限制與注意事項】  
資料僅涵蓋98年之前的歷史電價資訊，未包含近期價格，使用時需注意時間範圍限制。部分欄位可能存在缺漏值，需特別留意資料完整性。此資料為平均單價，未反映用電量差異，若要深入分析用電行為，建議搭配用電量資料或其他相關統計數據。此外，不同用電類別的定義與分類標準可能隨時間有所調整，使用者需確認當時的分類說明。

【6. 潛在價值】  
透過分析歷年電價變化趨勢，決策者能更精準評估過去政策成效，優化未來電價策略與市場規劃。企業可利用資料了解不同用電類別的成本變化，有助於制定節能減碳方案及成本控管。學術界則可借此研究能源經濟發展，推動更有效的能源管理與政策建議。

【7. 其他補充（分類說明）】  
此資料集屬於售電範疇，專注於電力市場中的電價統計，涵蓋不同電壓等級的售電價格，屬於電力產業中售電階段的數據。與發電、輸電或配電資料不同，本資料重點在於最終用戶支付的電價，反映市場售電結構。"
統計年報-售電統計-歷年每度平均單價明細～電力(98年以後),售電,"售電, 電價趨勢, 台灣電力市場, 年度統計, 低壓用電, 高壓用電, 特高壓用電, 成本分析, 政策評估, 售電","【1. 核心描述】  
本資料集記錄了自民國98年（西元2009年）以後，台灣地區售電市場中不同電壓等級的電力每度平均售價明細。涵蓋的時間範圍為年度層級，反映低壓、高壓及特高壓用電的售價變化趨勢，地理範圍限於台灣地區。資料主要呈現電力銷售價格的歷年變動，提供用電價格的基礎統計資訊。

【2. 應用場景】  
這份資料集適用於多種情境，包括：分析不同用電電壓等級的售電價格趨勢、協助電力公司及政策制定者評估電價調整的合理性、用電行為與成本研究、以及輔助能源市場監管與規劃。電力企業也可利用此資料進行成本控管與定價策略設計。

【3. 背景資訊】  
資料由相關政府統計機構或能源管理單位彙整，目的是反映台灣售電市場的價格走勢，促進透明度與市場監管。隨著能源政策轉型與電力市場開放，準確掌握售電價格成為政府與業界共同關注的重點。

【4. 資料特徵】  
資料包含五個欄位：年度（整數型態）、低壓電力平均售價（數值型，單位為元/度）、高壓平均售價（數值型，元/度）、特高壓平均售價（數值型，元/度）、以及電力合計平均售價（數值型，元/度）。資料以年度為時間序列單位，數據為授權類型，通常每年更新一次。

【5. 使用限制與注意事項】  
資料可能存在缺漏年份或某些電壓等級的售價數據空缺，使用時需留意完整性。由於僅涵蓋售電平均單價，若需深入了解用電量或區域差異，建議搭配其他用電量或地區分布資料使用。此外，售價可能受政策調整影響，解讀時應考慮當年度相關政策背景。

【6. 潛在價值】  
透過分析歷年售電價格變化趨勢，可協助政府與企業評估電價政策效益，優化能源成本結構，並預測未來電力市場走向。此資料亦有助於消費者與研究者了解不同用電類型的價格差異，促進節能減碳與合理用電行為。

【7. 其他補充（分類說明）】  
本資料屬於售電階段的統計報告，重點在於電力銷售價格資訊，與發電、輸電或配電等環節的技術數據有所區隔。適合用於售電價格相關的經濟分析及政策制定參考。"
統計年報-售電統計-區營業處別主要統計項目分析,售電,"售電, 用電行為分析, 市場監控, 負載預測, 能源政策, 統計報告, 區域用電, 售電管理, 負載分析, 電力市場","【1. 核心描述】  
這個資料集記錄了不同區域營業處別的售電統計數據，主要涵蓋了用戶的平均售電量及電力契約容量等指標。資料範圍以年為單位，呈現每年各區營業處的售電狀況，時間跨度涵蓋多個年度。地理範圍則依據區營業處別劃分，反映不同區域用戶的用電特性與趨勢。

【2. 應用場景】  
此資料集可用於分析區域用戶的用電行為與需求，協助電力公司或政府進行售電策略規劃、用電負載預測及提升服務效率。也適合用於能源政策制定、用戶用電行為研究，甚至在電力市場分析與價格制定中提供參考依據。

【3. 背景資訊】  
資料由相關電力營運機構或監管單位收集，目的是監測及統計各區域的售電狀況，促進電力資源合理配置與管理。此類統計報告可幫助業界掌握市場變化，支持產業發展與政策調整。

【4. 資料特徵】  
資料包含七個欄位，主要為數值型態，包括「年」（整數）、區營業處別（文字）、以及多項售電量與容量指標（雙精度浮點數或數字型態）。重要指標有每用戶每月平均售電量（分為電燈用電、電力用電及合計）、電力用戶的平均契約容量（瓩/戶）、以及每瓩月平均用電量（度/瓩）。資料屬於年度統計，更新頻率為每年一次。

【5. 使用限制與注意事項】  
資料可能存在缺漏值或因報表匯整方式導致部分細節未完全揭露，使用時需留意數據的完整性與代表性。此外，單純依此資料難以全面解釋用戶用電行為，建議搭配其他用電負載、人口或經濟指標資料進行綜合分析。

【6. 潛在價值】  
透過分析此資料集，可以掌握不同區域用戶的用電特性與趨勢，幫助電力供應商優化售電策略、提高用電效率，並為政府能源政策制定提供數據支持。此外，也可用於商業市場分析，評估區域電力需求潛力，促進能源產業的可持續發展。

【7. 其他補充（分類說明）】  
本資料集屬於售電環節的統計報告，專注於電力銷售與用戶用電量分析，並不涵蓋發電或輸配電的技術細節。其重點在於反映市場層面用電消費狀況，適合用於售電管理與市場監控相關應用。"
歷年各區營業處售電量,售電,"售電, 電力銷售, 用電需求, 區域分析, 時間序列, 能源管理, 市場評估, 售電分類, 電力消費, 售電","【1. 核心描述】  
本資料集記錄了歷年來各區營業處的售電量數據，涵蓋不同年份及多個區域的電力銷售情況。數據主要反映該區域內電燈用電與一般電力用電的消耗量，並以年度為時間單位進行統計。資料的地理範圍涵蓋各營業處所負責的區域，具體範圍視營業處劃分而定。

【2. 應用場景】  
此資料集適用於分析區域電力銷售趨勢、用電結構變化，以及評估不同區域的用電需求。可應用於發電與輸配電規劃、用電行為研究，並協助能源管理機構或政策制定者制定合理的能源策略與調配計畫。此外，企業也可利用該資料評估市場規模及潛在商機。

【3. 背景資訊】  
該資料由能源相關主管機關或電力公司收集整理，目的是為了有效監控及管理各區營業處的電力銷售狀況，支援國家能源政策推動及市場運作。透過定期統計售電量，利於掌握電力市場動態及用戶需求變化，促進能源供需平衡。

【4. 資料特徵】  
主要欄位包括「年」（整數型態，表示統計年份）、 「區營業處別」（文字型態，表示區域名稱）、「電燈」（大整數，單位為度，代表照明用電量）、 「電力」（大整數，單位為度，代表其他電力用電量）、以及「合計」（大整數，單位為度，為電燈與電力用電量之和）。資料為年度彙整數據，屬時間序列型態，更新頻率通常為每年一次。

【5. 使用限制與注意事項】  
資料可能存在缺漏值，特別是在某些年份或區域的數據不完整情況。因為為年度統計資料，無法反映短期或季節性用電波動。此外，單獨使用本資料集可能無法全面解釋用電變化，建議搭配人口、產業結構或氣候等相關資料進行綜合分析。

【6. 潛在價值】  
透過分析歷年售電量變化，可協助能源主管機關掌握用電需求趨勢，優化電網規劃與資源分配，提升供電穩定性與效率。對企業而言，能依據區域用電特性調整營運策略，或評估市場拓展潛力。研究人員亦可利用此資料探討能源消費行為及政策效果。

【7. 其他補充（分類說明）】  
本資料集屬於售電分類，重點在於電力銷售量的統計與分析，涵蓋用戶端的售電數據，並非直接反映發電或輸配電系統運作。理解其定位有助於正確解讀數據及應用範圍。"
歷年各區營業處電費收入,售電,"電費收入, 區域分析, 時間序列, 售電, 市場經濟, 能源政策, 營運績效, 電力市場, 台灣能源, 統計報告","【1. 核心描述】  
本資料集記錄了歷年來台灣各區營業處的電費收入情況，涵蓋多個年度的時間範圍。資料主要聚焦於不同區域營業處所產生的電費收入金額，反映了各區域用電市場的經濟規模與變化趨勢。地理範圍涵蓋台灣各主要區營業處，提供區域層級的電費收入統計數據。

【2. 應用場景】  
此資料集適合用於分析各區域電力消費的經濟貢獻，幫助能源公司及政府機構評估區域用電需求與收入結構。可應用於營運績效評估、營業策略調整、電費結構分析，以及支援能源政策制定和市場監管。此外，也能作為用電行為研究和區域經濟發展分析的重要參考。

【3. 背景資訊】  
該資料集由相關能源管理或電力公司彙整與發布，目的是讓公眾及相關產業能夠掌握電費收入的歷年變化，促進透明化與資料共享。透過系統性收集與統計，協助能源產業提升管理效率及政策規劃的科學性。

【4. 資料特徵】  
資料包含三個欄位：年份（整數型態）、區營業處別（文字型態）、電費收入（數值型態，單位為新台幣元）。資料以年度為時間單位，呈現時間序列特性，方便追蹤年度變化趨勢。資料更新頻率依年度統計完成後釋出，屬於年度更新。

【5. 使用限制與注意事項】  
資料可能存在部分年份或區域資料缺漏，使用時需留意資料完整性。電費收入數據為總收入，不包含用戶結構或用電量細節，若需深入分析用電行為，建議搭配用電量或用戶分類資料使用。此外，資料中電費收入受到政策調整、價格變動等因素影響，解讀時需考慮外部環境變化。

【6. 潛在價值】  
透過分析不同區域及年度的電費收入變化，能幫助電力公司優化營運布局，政府制定合理的電價政策與資源分配策略。研究人員可利用資料了解區域經濟活力與用電需求關聯，商業用戶也可評估市場潛力與投資風險，促進能源產業的可持續發展。

【7. 其他補充（分類說明）】  
此資料集屬於統計報告分類，重點在營業層級的電費收入統計，主要涉及售電層面。資料反映的是銷售端的經濟指標，與發電、輸電或配電技術層面數據有所區別，適合用於市場經濟分析與財務績效評估。"
歷年各區營業處用戶數,售電,"用戶數統計, 時間序列, 地區分析, 售電, 能源需求預測, 電力市場, 輸配電規劃, 能源政策, 統計報告","【1. 核心描述】  
這份資料集記錄了歷年來台灣各區營業處所服務的用戶數量變化情況。資料涵蓋的時間範圍為多年度（具體起迄年份未明），地理範圍涵蓋全台各區營業處，主題為用戶數的統計數據。透過這些資料，可以觀察不同區域用戶數隨時間的成長或變化趨勢。

【2. 應用場景】  
此資料集適用於分析各區域電力用戶的擴展趨勢，對發電廠與輸配電規劃提供參考依據，並可用於用電行為研究與能源需求預測。此外，政府或能源企業可依據用戶數變化作為能源政策制定與市場策略調整的基礎。

【3. 背景資訊】  
資料由負責電力營運與管理的機構蒐集，目的是掌握各區域用戶數的發展狀況，支援電力系統的規劃與服務品質提升。隨著社會經濟發展與城市化，了解用戶分布與成長是能源產業調整供需的關鍵。

【4. 資料特徵】  
資料包含三個欄位：年份（整數型態）、區營業處別（文字型態）、戶數（大整數型態，表示用戶數量）。資料以年度為單位更新，呈現時間序列結構，方便追蹤長期趨勢。

【5. 使用限制與注意事項】  
資料集中可能存在年份或區域間的缺漏值，且戶數僅反映營業處登記的用戶總數，未細分用戶類型或用電量。為完整分析用電行為或能源需求，建議搭配其他如用電量、用戶分類或區域人口資料使用。

【6. 潛在價值】  
透過分析用戶數的歷年變化，可協助能源企業優化輸配電網路配置，提高供電可靠性與效率。政府部門亦可利用此資料評估區域發展與能源需求，制定更符合實際需求的能源政策，促進永續發展。

【7. 其他補充（分類說明）】  
本資料集屬於「統計報告」分類，主要聚焦於售電環節中的用戶數統計，屬於售電層面的基礎資料，為後續能源管理與分析提供重要參考依據。"
縣市別售電情形～電燈,售電,"售電, 照明用電, 用戶結構, 電力銷售, 時間序列, 節能管理, 智慧照明, 用電行為, 台灣縣市, 售電","【1. 核心描述】  
本資料集「縣市別售電情形～電燈」記錄了台灣各縣市年度內關於電燈用電的銷售狀況。資料涵蓋不同類型的電燈用戶數與售電量，包含包燈（一般用）、公用路燈（一般用）、表燈（分為非營業用與營業用）等分類，反映出不同用電類別在各縣市的電力消耗情形。資料以年度為時間單位，地理範圍涵蓋全台各縣市。

【2. 應用場景】  
此資料集適合用於多種能源相關分析與規劃，例如：分析各縣市電燈用電量趨勢與用戶結構，評估照明用電的效率與需求變化；協助政府及能源企業進行輸配電規劃，尤其是關於公共路燈與一般照明的電力配置；支持用電行為研究，了解不同用戶類型的電力消耗特性；同時可作為能源政策制定的參考依據，推動節能減碳與智慧用電管理。

【3. 背景資訊】  
本資料集由相關能源監管機構或電力公司彙整，目的是掌握並監控電燈用電狀況，促進合理的電力分配與有效管理。隨著節能政策推動與智慧城市發展，對於電燈用電細節的監測成為重要課題，有助於提升整體能源使用效率並降低不必要的浪費。

【4. 資料特徵】  
資料包含14個欄位，主要分為年度、縣市別，以及不同電燈類別用戶數與售電量兩大指標。用戶數為整數型態，表示實際用戶戶數；售電量以度數（kWh）計算，為大整數型態。電燈類別細分為包燈（一般用）、公用路燈（一般用）、表燈（非營業用與營業用），並提供各類別小計及總計數據。資料呈現為時間序列結構，通常以年度更新。

【5. 使用限制與注意事項】  
資料可能存在部分缺漏值或統計誤差，尤其在用戶分類或數據彙整過程中需留意一致性。由於資料以年度匯總，無法反映更短時間內的用電變化。分析時建議結合其他能源供需、人口或氣候資料，才能更全面理解用電行為與影響因素。此外，不同縣市的用戶定義或計量方式可能略有差異，使用時需特別注意。

【6. 潛在價值】  
此資料集能幫助政府機關與能源產業精準掌握照明用電需求與趨勢，從而優化電力資源配置、提升節能成效。研究者可利用資料深入分析用電模式變化，支持智慧照明系統設計與推廣。商業上，電力公司可依據用戶結構調整服務方案，創造更符合市場需求的產品。整體而言，有助於推動能源永續發展與提升用電管理效率。

【7. 其他補充（分類說明）】  
本資料集屬於售電階段的統計報告，專注於電燈用電的銷售與用戶分布，涵蓋售電層面而非發電或輸配電環節。分類細分為包燈與表燈兩大類，並進一步區分一般用戶、營業用戶及公用路燈，方便分析不同用途的照明用電狀況。這使資料在售電管理與用電行為研究中具有獨特價值。"
縣市別售電情形～電力,售電,"售電, 用電需求, 區域分析, 電力用戶, 契約容量, 長期趨勢, 低壓電力, 高壓電力, 特高壓電力, 售電","【1. 核心描述】  
本資料集記錄了台灣各縣市在不同年度的售電情形，涵蓋用電戶數、契約容量與售電量等相關數據。資料依縣市別區分，並區分包用電力與表計電力兩類型，反映不同用電契約與計量方式之電力使用狀況。時間範圍涵蓋多個年度，提供長期的電力銷售與用戶結構變化資訊。

【2. 應用場景】  
此資料集適合用於分析各縣市的電力需求趨勢、用戶結構及售電量分布，進一步協助發電效率評估、輸配電規劃、用電行為研究及地方能源政策制定。電力公司、政府能源局及學術研究單位均可利用本資料，進行區域電力資源配置與市場分析。

【3. 背景資訊】  
資料由相關能源或統計機構蒐集，目的是掌握全國各縣市電力供應與消費情況，促進能源管理與政策制定。透過系統性統計與分析，支援電力產業的穩定運作及能源轉型策略推動。

【4. 資料特徵】  
資料包含21個欄位，主要為數值型態，包括用戶數（戶）、契約容量（瓩）、售電量（度）等指標，並以年度及縣市別分類。數據細分為包用電力與表計電力兩類，以及低壓、高壓、特高壓電力的用戶數與售電量。數據呈現為時間序列格式，適合長期趨勢分析。

【5. 使用限制與注意事項】  
資料可能存在缺漏值及統計口徑差異，使用時需注意縣市邊界變動或資料更新頻率。部分指標須搭配其他能源資料（如發電量、輸電數據）才能全面解讀。建議使用者確認資料的最新版本及相關定義，以避免誤用。

【6. 潛在價值】  
透過本資料集，決策者能掌握區域電力消費模式，優化電網規劃與用電管理，支持能源效率提升及需求側管理。對研究者而言，可深入分析用電結構變化與政策影響，對企業則有助於市場策略布局與服務設計。

【7. 其他補充（分類說明）】  
本資料集屬於售電領域的統計資料，重點在於反映電力銷售與用戶結構，涵蓋包用電力（契約容量較大用戶）與表計電力（一般計量用戶）兩大分類，並細分不同電壓等級用戶，有助於多層面瞭解電力市場狀況。"
縣市別電力契約容量,配電,"電力契約容量, 配電, 區域用電, 用電需求分析, 負載分布, 能源政策, 電力規劃, 時間序列, 台灣縣市, 能源統計","【1. 核心描述】  
本資料集「縣市別電力契約容量」記錄了台灣各縣市在不同年度的電力契約容量數據，涵蓋了包用電力、低壓、高壓及特高壓等不同電壓層級的契約容量，單位為瓩（千瓦）。資料反映各地區用電需求的規模與結構，時間範圍橫跨多個年度，地理範圍涵蓋全台各縣市。

【2. 應用場景】  
這份資料集可用於分析區域用電需求與負載分布，協助電力公司進行輸配電規劃及容量佈局，支持政府部門制定區域能源政策與電力供需平衡策略，也能用於企業或研究機構評估不同縣市的用電行為趨勢，進行市場分析或能源效率改善計畫。

【3. 背景資訊】  
資料由相關能源管理或電力調度機構收集，目的是掌握全台各地的電力契約容量狀況，確保電力系統的穩定運作與合理分配。此資料反映了產業及居民用電的實際需求，為能源產業管理提供基礎數據支撐。

【4. 資料特徵】  
資料包含7個欄位，分別為年度（整數型態）、縣市別（文字型態）、包用電力、低壓電力、高壓電力、特高壓電力及合計容量（皆為整數型態，單位為瓩）。資料為統計報告形式，通常以年度為單位更新，呈現時間序列性質。

【5. 使用限制與注意事項】  
資料中可能存在缺漏值或更新延遲，且契約容量數據反映的是合約容量而非實際用電量，解讀時需注意兩者差異。某些細節如用電者類型（工業、商業、住宅）未包含，若要深入分析用電行為，可能需搭配其他資料集使用。

【6. 潛在價值】  
透過分析縣市別的電力契約容量，可以預測區域用電趨勢，優化電網設計與擴充計畫，提升能源供應的穩定性與效率。此外，資料有助於監測區域經濟發展與產業結構變化，支持能源政策制定與市場競爭策略。

【7. 其他補充（分類說明）】  
此資料集屬於能源統計報告類型，主要涵蓋配電層級的契約容量資料，屬於能源產業中配電與用戶端電力需求管理範疇。資料聚焦於契約容量，不涉及發電或售電價格資訊。"
縣市別售電量,售電,"售電量, 配電, 區域用電, 時間序列分析, 能源統計, 電力需求, 節能減碳, 政策制定, 用電行為, 台灣縣市","【1. 核心描述】  
本資料集「縣市別售電量」記錄了台灣各縣市在不同年度的售電量數據，涵蓋電燈用電量、電力用電量以及兩者的合計售電度數。資料主要以年度為時間單位，反映各地區在該年度內的電力銷售狀況，有助於了解各縣市的用電規模與結構。

【2. 應用場景】  
此資料集適用於多種情境，包括分析不同縣市的電力需求與消費模式、評估區域電力供需平衡、協助輸配電規劃與資源配置，以及支持能源政策制定和區域發展規劃。此外，也可用於研究用電行為變化、推動節能減碳策略或企業用電市場分析。

【3. 背景資訊】  
該資料由相關能源管理機構或統計單位收集與整理，目的是掌握全國各縣市售電量變化，支持國家能源管理與規劃。透過定期統計縣市電力銷售情況，能反映產業發展、居民生活用電趨勢與能源消費結構，為政府與產業提供決策依據。

【4. 資料特徵】  
資料包含五個欄位：年度（整數）、縣市別（文字）、電燈用電量（大整數，單位為度）、電力用電量（大整數，單位為度）、合計售電量（大整數，單位為度）。這些欄位呈現數值型態與類別型態的組合，資料以年度為更新頻率，適合做時間序列分析及區域比較。

【5. 使用限制與注意事項】  
資料可能存在缺漏值或統計口徑差異，使用時需注意年份與縣市名稱的一致性。售電量數據反映的是銷售給終端用戶的電量，不包含電力損耗或自產自用情況。為完整解析用電行為，建議搭配人口、產業分布或用電設備資料共同分析。

【6. 潛在價值】  
透過本資料集，決策者與研究者能掌握各縣市用電需求與變化趨勢，優化電網建設與管理，提升能源供應效率。企業亦可依據區域用電特性調整營運策略，政府則能據此制定更符合地方需求的能源政策與節能措施，促進可持續發展。

【7. 其他補充（分類說明）】  
本資料集屬於能源統計報告範疇，專注於售電（售電量）數據，涵蓋配電層面，反映電力銷售至終端用戶的情況，與發電、輸電資料相互補充，有助於全面掌握能源流向。"
歷年售電量(住、工、商),售電,"售電量, 用電類別, 年度時間序列, 電力消費趨勢, 能源需求分析, 售電, 能源政策, 節能, 經濟影響, 配電","【1. 核心描述】  
此資料集記錄了歷年來不同用電類別的售電量數據，涵蓋住宅、工業、商業及其他用電類別的年度售電度數。資料以年度為時間單位，反映了特定區域（通常為國家或地區級別）內各類用電需求的變化趨勢，幫助了解電力消費結構的歷史演變。

【2. 應用場景】  
本資料集適用於多種情境，包括分析各用電類別的消費趨勢，評估能源需求結構，輔助電力公司及政府機構進行輸配電規劃與調度，研究用電行為變化，並作為制定能源政策與節能措施的依據。此外，也可用於經濟研究中，評估工業與商業活動對電力需求的影響。

【3. 背景資訊】  
該資料由相關能源管理單位或電力公司收集，目的是統計並監控不同用電部門的電力銷售狀況，以掌握整體能源消費情況，支持能源產業發展和政策制定。透過持續蒐集與發布售電量資料，促進能源市場透明化和效率提升。

【4. 資料特徵】  
資料欄位包含「年度」(整數型態)及不同用電類別的售電量（住宅、工業、商業、其他，均為大整數型態，單位為度），並提供總售電量合計。數據呈現為年度時間序列，便於長期趨勢分析。資料更新頻率通常為每年一次，反映年度總售電狀況。

【5. 使用限制與注意事項】  
資料可能存在缺漏值或統計口徑調整，使用時需留意年份間資料一致性。售電量數據為總量級別，無法反映用戶端詳細行為或時間段分布，分析時可能需搭配其他細分數據（如尖峰用電資料）以獲得更完整的用電特性描述。此外，資料集未明確標示地理範圍，使用前應確認所屬區域範圍。

【6. 潛在價值】  
這份資料有助於政府和企業掌握不同用電部門的需求變化，支持能源供應計畫與節能政策設計，提升能源使用效率。研究者也可利用資料探討經濟活動與能源消費的關聯，企業則能根據市場需求調整策略，促進可持續發展及投資決策。

【7. 其他補充（分類說明）】  
本資料集屬於售電統計類別，專注於電力銷售端的數據，涵蓋發電後至用戶端售電過程中不同用電類別的銷售量，對應電力產業鏈中的售電環節。"
一次系統輸電線常數表,售電,"輸電線路, 電氣參數, 系統穩定性, 輸電損耗, 電壓等級, 再生能源併網, 輸電規劃, 電力工程, 輸電, 輸供系統","【1. 核心描述】  
這份資料集主要記錄台灣一次系統中輸電線路的電氣特性參數，涵蓋不同電壓等級的輸電線路資訊。資料包含線路的起訖端點、導體規格、線路長度、電阻、電抗及導納等重要電氣常數，並區分單回線及雙回線的參數。資料更新日期最新，反映實際運作及設計狀況，適用於全台主要輸電網路的分析與評估。

【2. 應用場景】  
此資料集可用於電力系統輸配電規劃、輸電線路損耗及電壓降分析、電力系統穩定性評估，以及發電與輸電效率的改善。此外，能源政策制定單位可依此資料評估現有輸電架構，規劃未來電網擴充或改建工程。電力工程師也可用來模擬故障情況或優化輸電線路配置。

【3. 背景資訊】  
資料由供電處或相關電力機構收集整理，目的在於建立精確的輸電線路電氣參數庫，支援全台電力系統的安全穩定運行。隨著台灣電網規模擴大及再生能源併網需求提升，準確掌握輸電線路特性成為必要，以便有效管理輸電容量與系統穩定。

【4. 資料特徵】  
資料包含26個欄位，涵蓋文字類型（如電壓等級、線路起訖端、導體規格）、整數（編號、回線數）及數值型電氣參數（電阻Ω、電抗Ω、導納μMHO等），其中多為精確浮點數格式。特別欄位如test_value標示該數據是否為測試值、計算值或推估值。資料以表格形式呈現，並附有更新日期，利於追蹤變更。更新頻率視電力部門作業而定，一般為定期或有變動時更新。

【5. 使用限制與注意事項】  
資料中部分電氣參數為推估值或計算值，非全數由實測獲得，使用時需留意其準確度限制。缺漏值情況不明，但部分欄位可能因線路特性差異而未提供完整數據。建議搭配實際電網拓撲圖、負載資料及即時監測數據，方能做出全面且準確的分析。此外，test_value標示需注意，避免誤用測試或修正中的數據。

【6. 潛在價值】  
透過此資料，決策者能深入了解輸電線路的電氣特性，優化輸電網路設計與運作，提高輸電效率與系統穩定性。學術研究可利用此資料分析電力系統行為，開發新型模型或評估再生能源併網影響。企業則能基於此資訊進行設備投資評估、維護策略制定及風險管理，提升整體電力服務品質與經濟效益。

【7. 其他補充（分類說明）】  
本資料集屬於「輸供系統」分類，專注於電力系統中輸電階段的線路電氣特性，因此適用於輸電線路設計與分析，不涵蓋配電或售電階段的數據。對於完整電力系統分析，建議結合配電網及用戶端資料，形成跨階段的綜合研究基礎。"
二繞組變壓器常數表,售電,"二繞組變壓器, 輸電系統, 電氣參數, 電力流分析, 系統穩定性, 時間序列資料, 電網阻抗, 故障診斷, 能源政策, 輸電","【1. 核心描述】  
本資料集「二繞組變壓器常數表」記錄了電力輸供系統中二繞組變壓器的關鍵電氣參數。資料涵蓋各變壓器所連接的兩個匯流排名稱及其額定電壓，並包含變壓器的電阻與電抗值，以每單位(pu)表示。資料以年月為單位定期更新，主要反映變壓器的電氣特性和連接狀態，適用於台灣地區或特定電網內的輸電系統分析。

【2. 應用場景】  
此資料集適用於多種電力系統分析情境，包括變壓器性能評估、輸電網路阻抗計算、電力流分析、系統穩定性研究及輸配電規劃。此外，對於用電需求預測與故障診斷，也有輔助作用，並能支援能源政策制定者在電網建設與升級決策時參考。

【3. 背景資訊】  
資料由電力系統運營機構或相關授權單位定期蒐集與整理，目的是掌握輸供系統中變壓器的運行狀態與電氣特性，確保電網安全穩定。二繞組變壓器是電網中關鍵設備，其參數對電力傳輸效率與系統穩定性影響重大，因此此類資料是電力產業基礎資料庫的重要部分。

【4. 資料特徵】  
資料包含8個欄位，主要包括：  
- 匯流排名稱（busbar_name、busbar1、busbar2，文字型態）  
- 匯流排額定電壓（busbar1_voltage_rating、busbar2_voltage_rating，數值型態，單位kV）  
- 變壓器電阻與電抗（r1_2、x1_2，數值型態，以每單位制(pu)表示）  
- 更新年月（update_year_month，字串型態，格式為YYYYMM）  
資料屬於結構化且定期更新的時間序列資料。

【5. 使用限制與注意事項】  
資料可能存在部分缺漏值，特別是在更新過程中。因為變壓器參數可能隨運行條件微調，故需注意資料的時間有效性。部分情況下，單獨使用此資料可能不足以完整描述整體電網狀態，建議搭配其他電網拓撲、負載數據及實際運行紀錄共同分析。

【6. 潛在價值】  
透過此資料，電力系統分析師可精確模擬變壓器對電網電壓與電流的影響，提升輸配電系統的設計與運行效率。決策者能依據變壓器性能趨勢，優化維護計畫與設備更新安排，降低故障風險並促進電力系統的穩定與安全。此外，對於新能源整合與智慧電網發展也具有基礎支撐作用。

【7. 其他補充（分類說明）】  
本資料集屬於「輸供系統」分類，專注於輸電環節中變壓器的電氣特性。與發電、配電或售電等其他電力系統環節資料不同，強調輸電網路中二繞組變壓器的阻抗參數，是電力系統建模與分析不可或缺的基礎資料。"
三繞組變壓器常數表,輸電,"三繞組變壓器, 輸電系統, 電氣特性, 變壓器參數, 電阻電抗, 系統模擬, 故障分析, 穩定性評估, 輸電, 設備維護","【1. 核心描述】  
本資料集「三繞組變壓器常數表」記錄了電力系統中三繞組變壓器的技術參數與電氣特性。資料涵蓋各個匯流排（busbar）名稱及其額定電壓，並詳細列出三個繞組間的電阻與電抗值，這些數據以標準化的單位（pu，per unit）呈現。資料的時間範圍以年月標示，反映資料的更新狀態。地理位置則與輸電系統相關，適用於特定電力網絡的設備參數管理。  

【2. 應用場景】  
此資料集可用於輸電系統電氣模型的建立與模擬，協助工程師分析三繞組變壓器在不同運作條件下的行為。具體應用包括輸配電網路規劃、故障分析、電力流計算、系統穩定性評估，以及設備維護與升級決策。此外，資料亦對能源政策制定者評估輸電設備效率與可靠性提供參考。  

【3. 背景資訊】  
三繞組變壓器是電力輸配系統中重要的設備，用於在不同電壓等級的匯流排間傳輸電力。為確保電網安全穩定運行，相關機構需定期蒐集並更新這些變壓器的電氣特性資料。此資料集多由電力公司或電網管理單位授權發布，反映專業領域內的標準化數據。  

【4. 資料特徵】  
資料包含14個欄位，主要分為三類：匯流排名稱（文字型態）、額定電壓（數值型態，單位為千伏kV）、繞組間電阻與電抗（數值型態，pu單位），以及更新年月（文字型態，民國年月份格式）。電阻與電抗數據是用來描述變壓器內部電氣特性的關鍵指標。資料更新頻率依據電力設備檢修或狀態變更而定，通常為每月或每季更新。  

【5. 使用限制與注意事項】  
資料中可能存在少量缺漏值，特別是更新頻率不一導致的時間序列不連續。此外，單純依靠此資料無法完全描述變壓器的動態性能，需搭配實際運行數據或其他系統參數（如負載狀態、環境條件）進行綜合分析。使用者應注意不同匯流排名稱的對應關係，以及電壓額定值的正確解讀。  

【6. 潛在價值】  
透過此資料集，電力工程師與分析師能更精確地模擬與預測輸電系統的行為，提升系統規劃與運維效率。對於商業決策者，資料有助於評估設備投資回報與風險管理。政策制定者亦可藉此資料評估電網穩定性及推動相關標準制定，促進能源產業的永續發展。  

【7. 其他補充（分類說明）】  
此資料集屬於「輸供系統」分類，專注於輸電階段的設備參數管理，對於電力系統的中高壓變壓器技術支援具有關鍵作用。其應用範圍不包含發電或配電末端，但對整體電力網絡的穩定性與效率提升至關重要。"
二次系統輸電線常數表,輸電,"輸電系統, 輸電線路, 電氣參數, 系統設計, 電力流分析, 故障分析, 系統穩定性, 輸電容量, 輸電維護, 輸電","【1. 核心描述】  
本資料集「二次系統輸電線常數表」記錄了台灣地區二次系統中輸電線路的電氣特性和基本資訊。資料涵蓋各輸電線路的導線種類、長度及其電阻、電抗、導納等重要電氣參數，並標示所屬供電區營運處、發變電所及線路的起點和終點匯流排。資料類型主要為靜態的電力系統常數，適用於輸電系統分析。資料未明確限定時間範圍，屬於系統設計與運維的基礎參考資料。  

【2. 應用場景】  
此資料集可用於輸配電系統的規劃與分析，特別是在模擬電力流、故障分析與系統穩定性評估時，提供精確的線路參數支持。對於能源管理系統、電網優化調度以及輸電線路升級改造方案的評估亦極具參考價值。此外，相關單位可利用此資料進行輸電設備維護、容量評估及安全設計。  

【3. 背景資訊】  
資料由負責台灣電力輸電系統運維的機構編制與授權，目的是提供精確且標準化的輸電線路電氣常數，以支持電力系統的正常運作與規劃決策。由於輸電線路是電力系統中不可或缺的部分，掌握其物理和電氣特性對提升電網穩定性及效率至關重要。  

【4. 資料特徵】  
資料包含21個欄位，涵蓋整數與文字類型，主要特徵包括：導線編號、線路識別碼、所屬供電區、發變電所名稱、導線種類與長度（公里）、正相及零相電阻（Ω）、電抗（pu）、導納（pu）、線路起訖匯流排名稱及編號、線路容量（MVA）及備註等。數據屬於靜態參數，更新頻率依系統設計或線路改動而定，通常不頻繁更新。  

【5. 使用限制與注意事項】  
資料中部分欄位可能存在缺漏或以字串形式儲存數值，使用時需注意資料清理與格式轉換。由於資料不包含動態運行數據（如實時電流、電壓），需結合運行監控資料或負荷資料才能進行完整的系統性能分析。此外，資料主要針對二次系統輸電線，對於配電網或一次系統可能不適用。  

【6. 潛在價值】  
透過精確的輸電線路電氣參數，電力公司及研究機構能更有效地評估電網容量與穩定性，優化輸電線路設計與維護計畫，降低故障風險，提高系統運行效率。對政策制定者而言，亦有助於規劃電網升級與擴建方案，支持可再生能源接入與智能電網發展。  

【7. 其他補充（分類說明）】  
本資料集屬於「輸供系統」分類，專注於輸電階段的線路參數，屬於電力系統中的輸電環節。與發電、配電及售電系統資料相輔相成，共同支撐完整的電力系統分析與管理。"
一次變電所主變常數表,輸電,"主變壓器, 輸電, 配電, 電力系統分析, 電氣參數, 負載分配, 故障分析, 電網穩定性, 設備維護, 能源政策","【1. 核心描述】  
這份資料集「一次變電所主變常數表」記錄了台灣地區一次變電所中主變壓器的技術參數與電氣特性。資料涵蓋各變電所所屬的供電區營運處、變壓器的匯流排編號與名稱、額定電壓與容量，以及重要的電阻與電抗值等電氣參數。時間上涵蓋製造日期資訊，地理位置則以變電所名稱和所屬營運處為基準，聚焦於輸配電系統中核心的變壓器設備。

【2. 應用場景】  
此資料集適用於電力系統分析和規劃，如發電輸電網路的負載分配、故障分析、電壓調整及保護設定。它有助於提升變壓器運作效率、支援輸配電系統規劃、評估系統穩定性，以及制定能源政策和維護計劃。此外，工程師可利用此資料進行仿真模擬，確保電網安全與可靠供電。

【3. 背景資訊】  
此資料由電力公司或相關營運機構收集，目的是管理與監控關鍵的電力輸配設備—主變壓器。變壓器是電網中調整電壓、確保電力適當分配的核心設備，準確掌握其技術參數有助於提升整體電力系統的效率與安全性，並符合法規與行業標準。

【4. 資料特徵】  
資料包含40個欄位，涵蓋文字類型（如所屬營運處、變電所名稱、製造廠家）、數值類型（如容量MVA、電阻與電抗的標準化值pu、接地電阻等）、以及製造日期等時間類型欄位。主要指標包括一次、二次、三次側的匯流排名稱與電壓，容量數值，以及對應的電阻與電抗參數。此外還記錄接地方式與中性點對地阻抗。資料更新頻率依設備維護與異動情況而定，並非即時更新。

【5. 使用限制與注意事項】  
資料中可能存在部分欄位缺漏或更新不及時，尤其是備註欄可能包含非結構化資訊。由於資料聚焦於變壓器本身參數，對於系統負載、用電行為等需搭配其他資料集（如負載資料、運行狀態）方能完整分析。使用時應注意電氣參數的單位與標準化(pu)含義，避免誤用。

【6. 潛在價值】  
透過這份資料，電力系統規劃人員與工程師可深入理解主變壓器的性能與狀態，優化電力輸配配置，提高電網穩定度與可靠性。同時，政策制定者可依據設備特性與分布，制定更精準的維護策略與投資計劃，促進能源供應安全與效率。商業應用方面，亦可用於設備壽命評估與風險管理。

【7. 其他補充（分類說明）】  
本資料集屬於「輸供系統」分類，主要涵蓋輸電與配電環節中的主變壓器設備資料，屬於電力系統中輸電與配電交界的重要部分，為電網穩定運作的關鍵基礎資訊。"
變電設備資產管理系統(SAMS)設備資料,輸電,"變電設備, 資產管理, 輸電, 配電, 設備維護, 資產健康評估, 可靠性分析, 維護優化, 台灣電力, 輸配電系統","【1. 核心描述】  
這個資料集記錄了台灣地區變電設備的詳細資訊，涵蓋從超高壓變電所到一般變電所內各類設備的資產管理資料。資料內容包括設備的識別編號、所屬供電區、製造廠商、型號、啟用日期及維護檢查紀錄等，反映設備的運作狀態與維護歷程。時間面主要涵蓋設備啟用至最新維護日期，地理範圍以台灣各供電區變電所為主。

【2. 應用場景】  
此資料集可用於電力公司或相關單位的變電設備資產管理，幫助評估設備健康狀況與使用壽命，規劃維護與汰換作業。也適合用於輸配電系統的可靠性分析、維護週期優化、設備故障預防，以及能源基礎設施投資決策。進而支持電力輸供系統的安全穩定運行與長期發展規劃。

【3. 背景資訊】  
資料由電力系統變電設備管理相關部門收集，目的是確保變電設備的正常運作及維護管理。背後的機構通常是電力公司或輸配電系統管理單位，透過系統化的資產管理來降低故障風險、延長設備壽命並提升供電可靠度，符合能源產業對電力品質與安全的高標準要求。

【4. 資料特徵】  
資料包含34個欄位，涵蓋整數、文字及時間格式等多種數據型態。關鍵欄位包括：設備編號、製造廠、型號、設備類別、使用狀態、啟用日期、最近維護檢查日期（內檢、外檢、機檢）、維護週期、設備電壓等級及設備容量（MVA）等。這些欄位提供完整的設備識別與狀態資訊。資料更新頻率依照設備維護與管理需求，通常為定期（如年或季）更新。

【5. 使用限制與注意事項】  
資料中可能存在缺漏值，尤其在維護日期或使用狀態欄位，需注意資料完整性。由於設備運作與維護受多重因素影響，單一資料集可能無法完全反映設備性能，建議搭配現場檢測數據或其他電力運行資料共同分析。此外，資料主要反映設備現況，不包含用電行為或電力需求資訊，因此在應用時應根據需求選擇適合的資料整合。

【6. 潛在價值】  
此資料集有助於提升變電設備的管理效率與安全性，支持維護週期合理安排與設備汰換決策，降低突發故障風險，保障電力系統穩定。對於能源政策制定者，可透過設備狀態分析掌握基礎設施現況，規劃未來投資方向。對於研究人員與工程師，也能用於建構設備健康評估模型及預測維護需求，達到節省成本與提升服務品質的目標。

【7. 其他補充（分類說明）】  
本資料集屬於「輸供系統」分類，特別聚焦於變電設備的資產管理，涵蓋輸電與配電環節中的關鍵設備資訊。並非發電或售電相關資料，而是集中於輸配電網絡中變電站設備的管理與監控，屬於電力輸配基礎設施管理的重要數據來源。"
LASS環境感測器網路系統-PM2.5即時感測資料,輸電,"空氣品質, PM2.5監測, 環境感測, 即時數據, 台灣區域, 公共健康, 環境政策, 空氣污染, 環境監控, 環境資料","【1. 核心描述】  
本資料集「LASS環境感測器網路系統-PM2.5即時感測資料」記錄了台灣地區多個環境感測站點即時監測到的空氣品質數據，主要涵蓋PM2.5懸浮微粒濃度及相關空氣污染指標。資料包含監測時間、站點位置（地址與GPS座標）、感測設備資訊，以及多項環境參數如PM2.5、PM10、PM1細懸浮微粒濃度、揮發性有機物（TVOC）、二氧化碳濃度、相對溼度和氣溫。數據為即時更新，反映各站點當下空氣品質狀況。地理範圍主要集中於台灣各區域。  

【2. 應用場景】  
此資料集可用於多種環境與公共健康相關的應用，包括空氣品質監控、污染熱點分析、環境政策制定、健康風險評估、城市規劃及綠色運輸策略制定。此外，學術研究人員可利用資料分析空氣污染物變化趨勢，公眾則可透過此資訊即時了解所在區域空氣狀況，提升生活品質與健康管理。  

【3. 背景資訊】  
資料來源於LASS（環境感測器網路系統），該系統由政府相關機構推動，旨在利用分布式感測器技術提升空氣品質監測的空間與時間解析度。隨著空氣污染問題日益嚴重，政府與環保單位藉由此系統蒐集即時且具代表性的環境數據，支援環境監控與改善行動。  

【4. 資料特徵】  
資料包含18個欄位，涵蓋時間（update_time）、系統資訊（app、ver_app）、站點名稱與地址（site_name、site_addr）、區域分類（area）、設備ID（device_id），以及多項數值型空氣品質與環境指標：PM2.5、PM10、PM1（單位為微克/立方米）、TVOC（ppb）、CO2（ppm）、相對溼度（%）、氣溫（攝氏度）。此外，提供站點GPS緯度、經度與高度資訊，並標示GPS資料是否為手動輸入。資料型態包含文字與數值，更新頻率為即時或近即時，以反映當前空氣狀況。  

【5. 使用限制與注意事項】  
由於部分GPS座標可能為手動輸入（fake_gps欄位標示），使用時需注意定位精準度。資料可能存在缺漏值或感測異常，建議結合多站點資料進行交叉驗證。部分環境參數受天氣、地形及周圍污染源影響，解讀時需考慮當地環境背景。為獲得更完整的空氣品質評估，建議結合氣象資料及其他官方監測站資料。  

【6. 潛在價值】  
透過本資料集，政府與環保組織可即時掌握空氣污染變化，快速反應並調整環境政策，提升監管效率。企業與研究機構能基於細緻的空氣品質數據進行健康風險評估、污染源分析及技術開發。公眾則可利用資料掌握生活環境品質，制定個人健康防護措施。長期累積數據亦有助於環境趨勢分析與氣候變遷研究。  

【7. 其他補充（分類說明）】  
本資料集屬於環境監測分類，專注於空氣品質數據的即時收集與發布，並非直接屬於能源產業中的發電、輸電、配電或售電範疇，但其監測結果對於能源相關的環境影響評估與政策制定具有重要輔助價值。"
環境部-空氣品質指標(AQI),輸電,"空氣品質, 環境監測, 空氣污染, 公共衛生, 氣象資料, 時間序列, 台灣環境, 污染物分析, 政策制定, 環境保護","【1. 核心描述】  
本資料集記錄了台灣各測站的空氣品質指標（AQI）及相關空氣污染物濃度數據，涵蓋多個縣市的環境監測資訊。資料包含污染物如二氧化硫、臭氧、懸浮微粒等濃度數值，並附帶風速、風向等氣象資訊。資料發布時間具體標示，方便追蹤不同時間點的空氣品質狀況。整體範圍涵蓋空氣環境監測，時間涵蓋資料發布當日及其移動平均值，地理位置以經緯度及縣市區分。

【2. 應用場景】  
此資料集可用於多種情境，包括監測空氣污染狀況、分析空氣品質變化趨勢、評估污染物來源及擴散模式，支持環境保護政策制定。此外，也適用於公共衛生研究，評估空氣品質對居民健康的影響，並協助城市規劃與交通管理，減緩空氣污染問題。

【3. 背景資訊】  
資料由環境部所提供，屬於政府公開的環境監測資料，目的是為了提升空氣品質透明度與公眾知識，並支援政府及研究機構針對空氣污染進行科學分析與政策制定。台灣因工業與交通發展，空氣品質監測成為環境管理的重要工作。

【4. 資料特徵】  
資料集包含24個欄位，涵蓋測站基本資訊（編號、名稱、經緯度、縣市）、時間標記（發布時間）、空氣品質指標（AQI）及多種污染物濃度（SO2、CO、O3、PM10、PM2.5、NO2等），並含移動平均數據與氣象參數（風速、風向）。數據型態有文字、整數及浮點數，部分為時間序列移動平均值。資料通常每日更新，反映即時及近期空氣品質狀況。

【5. 使用限制與注意事項】  
資料中可能存在部分缺漏值，尤其在某些測站或特定時間點。部分污染物濃度受氣象條件影響較大，解讀時需考慮風向風速等因素。此外，為完整理解空氣品質影響，建議結合其他環境或人口資料使用。資料以測站為單位，可能無法完全反映微觀區域差異。

【6. 潛在價值】  
本資料集有助於環境監督機關及學術研究者掌握空氣污染狀況，支持提出有效的污染控制策略。企業可利用數據評估生產活動對環境的影響，公共衛生單位可分析空氣品質與健康風險的關聯，提高民眾生活品質。政策制定者能根據趨勢調整法規，促進永續發展。

【7. 其他補充（分類說明）】  
本資料集屬於環境監測類別，專注於空氣品質監控，不直接涉及發電、輸電、配電或售電等能源產業分類，但空氣品質變化與能源使用特別是燃燒型能源密切相關，故在能源政策評估中亦具參考價值。"
環境部-日空氣品質指標(AQI),其他,"空氣品質, AQI分析, 環境監測, 污染物濃度, 健康風險評估, 公共衛生, 政策制定, 時間序列資料, 環境部資料, 空氣污染管理","【1. 核心描述】  
本資料集記錄了台灣環境部每日各監測站的空氣品質指標（AQI）及其相關污染物副指標數值。資料涵蓋空氣中主要污染物的濃度狀況，包括二氧化硫、 一氧化碳、臭氧、懸浮微粒（PM10）、細懸浮微粒（PM2.5）、二氧化氮等。監測點遍及全台各地，時間範圍為每日數據，反映日常空氣品質變化情況，提供即時且具代表性的環境監測資訊。

【2. 應用場景】  
這份資料集可用於空氣品質狀況分析與趨勢追蹤，幫助政府與研究機構評估空氣污染狀況及其對健康的影響。也適用於環境政策制定、污染源管理、公共健康預警系統，以及城市規劃與綠能政策評估。此外，企業和民眾可依此調整戶外活動或工業排放管理策略，促進環境與經濟的永續發展。

【3. 背景資訊】  
資料由台灣環境部負責收集與發布，屬於政府公開環境監測資料。收集此資料的目的是為了即時掌握空氣品質狀況，推動空氣污染防制與環境保護政策，保障民眾健康，並支援相關科學研究與行政決策。

【4. 資料特徵】  
資料包含11個欄位，主要為文字類型（如測站編號及名稱、監測日期）與數值類型（AQI及各污染物的副指標）。AQI為綜合空氣品質指標，用來評估整體空氣污染程度；各副指標則提供不同污染物的濃度指標。資料為時間序列形式，每日更新，反映每日空氣品質變化。

【5. 使用限制與注意事項】  
資料可能存在部分缺漏值，特別是在極端天氣或設備維護期間。由於數據僅包含監測站點資料，空間分布有限，需搭配其他氣象或排放資料才能進行更完整的污染源分析。使用時應注意數據的時間及地理範圍限制，避免誤用於不適合的空間尺度分析。

【6. 潛在價值】  
此資料集能協助政府及研究人員掌握空氣污染狀況，支持健康風險評估和公共衛生政策制定。對企業而言，可作為環境風險管理與企業社會責任的依據。民眾則可根據數據調整生活習慣，減少接觸污染物的機會，提升生活品質。

【7. 其他補充（分類說明）】  
本資料集屬於「環境監測」分類，專注於空氣品質評估，不直接涉及能源產業中的發電、輸配電或售電等環節，但其環境監測結果對於能源政策制定及污染物排放管控具有重要參考價值。"
環境部-紫外線即時監測資料,其他,"紫外線監測,環境監控,公共健康,氣候變遷,地理資訊,太陽能資源,即時數據,空間分析,環境部資料,環境監測","【1. 核心描述】  
本資料集記錄台灣地區各縣市紫外線指數（UVI）的即時監測數據，涵蓋多個固定測站的位置資訊與測量結果。資料涵蓋的主題為環境中的紫外線強度，時間範圍則依資料發布日期持續更新。測站分布於不同縣市，提供地理位置的經緯度座標，便於定位與分析紫外線強度的空間分布。

【2. 應用場景】  
此資料集可供環境監測單位、健康相關機構及一般民眾使用，應用於紫外線曝曬風險評估、公共健康警示、戶外活動安全指導，以及太陽能產業中紫外線輻射強度分析。此外，政府可依此資料制定紫外線防護政策，研究機構則可用於氣候變遷對紫外線影響的長期追蹤。

【3. 背景資訊】  
資料由環境部所發布，屬於政府公開環境監測資料，目的是提供透明且即時的環境紫外線資訊，強化公眾對紫外線危害的認知與防護，同時支持相關環境及健康研究。

【4. 資料特徵】  
資料包含七個欄位：資料發布時間（文字格式）、發布單位（文字）、縣市名稱（文字）、測站名稱（文字）、紫外線指數（數值，精確至小數點後兩位）、以及測站的WGS84經度與緯度（文字格式，度分秒表示）。紫外線指數為數值型態，反映即時環境紫外線強度。資料頻率依環境部監測時程定期更新，通常為即時或每日多次。

【5. 使用限制與注意事項】  
資料中可能存在少量缺漏值或因設備維護造成的暫時中斷，解析時需留意資料完整性。經緯度以文字格式提供，需轉換為數值型態以便地理分析。此外，紫外線指數受天氣、季節及地形影響，單一數據點無法代表整體區域狀況，建議結合其他氣象資料或長期趨勢分析使用。

【6. 潛在價值】  
此資料有助於提升民眾對紫外線危害的警覺與防護措施，支持公共健康決策與宣導。對研究者而言，能分析紫外線強度與健康問題、環境變化的關聯，並作為太陽能光伏系統設計或效能評估的輔助依據。企業可利用此資訊優化戶外活動安排及防護產品開發。

【7. 其他補充（分類說明）】  
本資料集屬於環境監測分類，專注於紫外線輻射監測，非能源產業直接資料，但對能源產業中與太陽能相關領域具參考價值，尤其在太陽能資源評估與環境影響研究方面。"
環境部-紫外線測站基本資料,配電,"環境監測, 紫外線測站, 空間定位, 公共衛生, 太陽能資源, 地理資訊系統, 政府資料, 可再生能源, 資料管理, 配電","【1. 核心描述】  
本資料集「環境部-紫外線測站基本資料」記錄了台灣各地紫外線監測測站的基本資訊，包括測站名稱、地理位置（經緯度與TWD97坐標系）、所屬縣市鄉鎮、管理單位等。資料涵蓋全台多個城市與鄉鎮，提供測站的定位與管理背景，方便後續環境監測與分析使用。資料中亦包含批次時間，顯示資料的更新或發布時間。

【2. 應用場景】  
這份資料集適用於環境監測與公共衛生領域，能幫助研究人員和政府機構了解紫外線監測網絡的佈局，進而分析紫外線強度與空間分布。可用於紫外線輻射對人體健康的影響評估、環境保護政策制定、氣象與空氣品質研究，亦可作為能源產業中太陽能資源評估的基礎地理資料。

【3. 背景資訊】  
資料由環境部公開發布，反映政府對環境監測的重視與推動透明化的政策。紫外線監測是環境監測的重要部分，有助於防範紫外線過量對民眾健康的影響，同時也支援相關研究與產業發展。此類資料的收集與維護通常由專責的環境監測機構執行。

【4. 資料特徵】  
資料包含14個欄位，主要為文字型態，描述測站的行政區域（縣市、鄉鎮）、名稱（中文及英文）、地址、經緯度（包括一般經緯度及TWD97投影坐標）、管理單位名稱和資料發布時間。這些欄位使得資料能夠清楚標示測站位置及其所屬管理單位，方便空間定位與跨資料整合。資料更新頻率依批次時間變動，通常會定期維護。

【5. 使用限制與注意事項】  
資料主要為測站基本資訊，不包含實際紫外線測量數值，若需分析紫外線強度或趨勢，必須搭配其他包含測量數據的資料集使用。欄位中部分坐標格式可能需轉換才能應用於不同的地理資訊系統。此外，若測站數量或位置有變動，需注意資料的最新性，避免因資料過時而影響分析結果。資料中未明示缺漏值狀況，使用時應先檢查完整性。

【6. 潛在價值】  
此資料集為環境監測與公共安全提供基礎設施資訊，有助於規劃紫外線監測網絡的擴展與優化，支持健康風險評估和環境政策制定。對於太陽能發電產業，也能提供參考測站位置，協助評估太陽能資源分布。研究機構可透過整合本資料與紫外線強度數據，深入分析紫外線空間變化與其對生態及人類健康的影響。

【7. 其他補充（分類說明）】  
本資料集屬於「環境監測」分類，專注於提供監測設施的基礎資訊，並非直接的能源數據或用電資料。若與能源相關應用結合，需視為環境參考數據，協助太陽能及其他可再生能源評估及環境風險管理。"
環境部-空氣品質指標(AQI)預報資料,其他,"空氣品質, AQI預報, 空氣污染, 環境監測, 公共健康, 污染物分析, 時間序列, 政策制定, 環境部資料, 環境保護","【1. 核心描述】  
本資料集記錄了台灣環境部所發布的空氣品質指標（AQI）預報資訊，涵蓋多個空品區的空氣品質狀況。資料包含未來特定日期的AQI預測值、主要及次要污染物名稱與指標，時間範圍以發布時間及預報日期為主，地理範圍涵蓋台灣各空氣品質監測區域。此資料有助於掌握空氣污染趨勢與預測，方便提前因應。

【2. 應用場景】  
此資料集適用於空氣品質管理、公共健康警示、環境政策制定與評估、學術研究、及民眾日常生活防護。政府機構可用於調整污染防制措施，企業與研究單位則可用於分析污染物變化趨勢與影響，民眾則能依預報調整戶外活動安排。

【3. 背景資訊】  
資料由台灣環境部公開發布，旨在提升空氣品質資訊透明度與可及性，幫助政府及民眾及早掌握空氣污染狀況，減少空氣污染對健康與環境的負面影響。空氣品質預報是環境監測與管理的重要工具，反映在地空氣污染物排放與氣象條件的綜合分析結果。

【4. 資料特徵】  
資料集包含8個欄位，主要有文字型態的預報內容、發布時間、空品區名稱、污染物名稱與日期，以及數值型的空氣品質指標（AQI）預報值。AQI為整數值，反映空氣污染程度。資料以時間序列形式呈現，通常每日更新，提供最新的空氣品質預報。

【5. 使用限制與注意事項】  
資料可能存在預報不確定性，因空氣品質受多變氣象與污染排放影響。部分空品區或污染物資料可能缺漏，且AQI預報為估計值，需結合實測資料做更完整分析。使用時建議搭配氣象、排放源等相關資料，以獲得更全面的理解。

【6. 潛在價值】  
藉由分析此資料集，決策者可優化污染防制策略，醫療單位能提前準備因應空汙相關疾病，研究者可深入了解污染物動態與成因，企業亦可評估營運風險。民眾透過預報調整行為，有助於提升生活品質與健康保障。

【7. 其他補充（分類說明）】  
本資料屬於環境監測範疇，專注於空氣品質預報，並非直接涵蓋能源產業，但與能源排放密切相關，對能源政策與環境保護具有參考價值。"
電力交易市場-歷史結清價格與交易量,發電,"電力交易, 備轉容量, 價格波動, 時間序列, 調頻備轉, 即時備轉, 補充備轉, 發電, 系統調度, 風險管理","【1. 核心描述】  
本資料集「電力交易市場-歷史結清價格與交易量」記錄了台灣電力交易市場中，調頻備轉、即時備轉及補充備轉等不同備轉容量的得標容量、需求量、供應量與結清價格等交易數據。資料涵蓋的時間單位為日與小時，提供詳細的時間序列資料，反映電力市場在不同時段的交易狀況。地理範圍主要聚焦於台灣地區的電力系統調度與市場運作。

【2. 應用場景】  
此資料集可用於分析電力市場的價格變動趨勢與備轉容量配置效率，協助電力系統調度單位提升備轉資源管理。此外，政策制定者可藉由此資料評估電力市場競爭狀況與價格機制效果；研究者則可用於探討電力備轉市場的供需平衡與價格波動。企業方面，發電廠與電力交易商能利用資料優化交易策略與風險管理。

【3. 背景資訊】  
台灣電力市場為確保電力供應穩定，設置多種備轉容量機制以應對突發需求與系統異常。由經濟部能源局及台灣電力交易中心等機構負責監督與管理電力交易市場，定期收集並公開此類交易資料，促進市場透明與公平競爭。資料收集的目的是提供市場參與者與公眾完整的交易資訊，支持電力系統可靠運作與能源政策制定。

【4. 資料特徵】  
資料包含26個欄位，涵蓋日期（tran_date）、時間（tran_hour）、多種類型備轉容量的得標容量（如國營、民營、非交易）、需求量、供應量及結清價格等指標。數據主要為數值型態，部分欄位為文字型態（日期與時間）。資料為時間序列形式，通常依小時更新，有助於反映即時與歷史交易動態。

【5. 使用限制與注意事項】  
資料中可能存在缺漏值或非交易容量欄位需特別留意，部分備轉容量類型如「非交易」可能不直接反映市場交易活躍度。使用者在分析時，建議結合其他電力系統運作資料（如負載需求、發電機組狀況）以獲得更全面解釋。此外，資料僅涵蓋交易市場相關內容，不包含電力消費端行為或長期供需規劃資訊。

【6. 潛在價值】  
透過解析此資料集，能協助電力市場參與者掌握價格波動趨勢與備轉容量配置效率，優化資源調度決策，降低系統風險。政府與政策制定者可依據資料監控市場健康狀況，調整市場規則或激勵措施，促進電力系統穩定與永續發展。對學術研究而言，資料可用於建構電力市場模型，分析價格生成機制與備轉需求影響因素。

【7. 其他補充（分類說明）】  
此資料集屬於「電力交易」分類，專注於電力市場中的備轉容量交易部分，涵蓋調頻備轉、即時備轉與補充備轉三大類型。資料反映的是發電端與系統調度端的交易活動，非直接用電端數據，適合用於發電與輸配電系統的交易與調度分析。"
電力交易市場-歷史投標容量,發電,"備轉容量, 電力市場, 歷史投標, 發電, 電力交易, 市場分析, 時間序列, 供需平衡, 政策制定, 系統穩定性","【1. 核心描述】  
本資料集記錄了台灣電力交易市場中歷史投標的備轉容量數據，涵蓋了不同備轉類型與供應單位的投標狀況。資料涵蓋的時間範圍以交易日期及交易時間為單位，具體時間區間依資料集更新而定。地理位置主要針對台灣地區的電力市場，反映國營及民營電力業者在調頻備轉、即時備轉、補充備轉等多種備轉容量的投標量。  

【2. 應用場景】  
此資料集適用於電力市場分析、電力系統備轉容量規劃、電力供需平衡評估及市場行為研究。電力公司可利用資料調整備轉容量策略以提升供電可靠度，政策制定者可參考備轉容量趨勢制定能源政策，研究者可分析國營與民營業者的競爭與合作態勢。  

【3. 背景資訊】  
資料由電力交易相關機構公開，旨在提高電力市場透明度並促進市場效率。隨著電力市場開放與多元化，監管單位蒐集投標備轉容量資料，以監控市場運作及確保系統安全。電力產業中，備轉容量是維持電網穩定運作的重要指標，故此資料對管理與決策具關鍵意義。  

【4. 資料特徵】  
資料包含10個欄位，主要分為交易時間類別（文字型態）及多項備轉容量數值（數值型態）。重要欄位包括交易日期（tran_date）、交易時間（tran_hour），以及分別代表國營與民營業者的調頻備轉、即時備轉、補充備轉及電能移轉複合動態調節備轉容量。資料通常以日或小時為更新頻率，呈現時間序列特性。  

【5. 使用限制與注意事項】  
資料中可能存在缺漏值或異常值，使用時需進行適當清理與驗證。由於備轉容量涉及多種市場機制，單一資料集可能無法完整反映電力系統全貌，建議搭配其他電力負載、發電量及市場價格資料進行綜合分析。此外，交易時間欄位為文字格式，轉換時需注意時間格式一致性。  

【6. 潛在價值】  
透過分析歷史投標容量，相關單位可掌握市場備轉容量變化趨勢，優化備轉容量配置，提升電力系統穩定性與效率。對投資者而言，了解市場競爭態勢有助於風險評估與投資決策。政策制定者亦可根據資料制定更符合市場需求的調控措施，推動綠能與能源轉型目標。  

【7. 其他補充（分類說明）】  
本資料屬於電力交易分類，專注於電力市場中的備轉容量投標行為，涵蓋發電端的備轉容量供給情況，對應發電及電力市場交易環節。資料反映的是市場供應面狀況，非直接的用電側數據，適合用於發電與電力交易系統的分析。"
台電各機組發電量,發電,"發電, 機組效率, 能源監控, 台灣電力, 裝置容量, 實際發電量, 發電數據分析, 能源政策, 綠能轉型, WAND_發電","【1. 核心描述】  
本資料集「台電各機組發電量」記錄了台灣電力公司旗下各發電機組的發電情況，涵蓋不同類型的發電機組（如火力、水力、核能等），主要反映每個機組的裝置容量與實際發電量。資料包含的時間點由更新時間欄位標示，地理範圍為台灣地區，反映全台發電系統的即時或定期運作狀況。

【2. 應用場景】  
此資料集適用於多種情境，如分析不同發電機組的發電效率，評估整體電力供應的穩定性，規劃電網輸配電架構，監控發電設備運行狀態，以及協助制定能源政策和發展策略。對於研究用電行為及能源轉型趨勢也有重要參考價值。

【3. 背景資訊】  
資料由台灣電力公司（台電）收集與維護，作為管理與監控台灣電力生產的重要依據。台電作為國內主要電力供應商，需透過此資料掌握各機組的發電狀況，以確保電力穩定供應並優化能源使用。

【4. 資料特徵】  
資料包含六個欄位：機組類型（文字類型）、機組名稱（文字）、裝置容量（以兆瓦為單位的文字數值）、實際發電量（兆瓦數的文字數值）、備註（文字說明）、更新時間（時間標記文字）。裝置容量與實際發電量是主要數值指標，反映理論與實際的發電能力。更新頻率視系統設定，可能為即時或定期更新。

【5. 使用限制與注意事項】  
由於部分欄位使用文字格式紀錄數值，使用前需進行格式轉換以利數據分析。資料可能存在更新延遲或缺漏，尤其在機組維修或異常狀態時，備註欄位有助理解異常原因。此外，本資料未包含用電端數據或輸配電網絡資料，單獨使用時無法完整反映整體電力消耗與流向，需搭配其他資料綜合分析。

【6. 潛在價值】  
透過本資料集，管理者與研究者可以掌握各發電機組的運行效能與產能利用率，協助提升電力生產效率，優化能源分配，並支持政策制定者推動綠能發展與能源轉型，促進台灣電力系統的永續發展與環境保護。

【7. 其他補充（分類說明）】  
此資料集屬於「發電」類別，專注於發電端的產能與產量監控，與電力的輸配電及售電環節資料分開管理，是電力系統中基礎且關鍵的生產數據來源。"
台電每10分鐘負載資料,發電,"電力負載, 時間序列, 需求預測, 輸電, 配電, 智慧電網, 能源管理, 台灣電力, 即時監控, 用電行為分析","【1. 核心描述】  
本資料集記錄了台灣電力公司（簡稱台電）全國電網系統在每10分鐘的瞬時電力負載數據，涵蓋的時間點以日期與具體時間標示。資料反映的是台灣地區整體用電需求的即時負載狀況，能夠呈現一天中不同時段及不同日期的電力使用情況，範圍涵蓋全台電力系統的總負載量。

【2. 應用場景】  
此資料集可用於多種能源管理與分析情境，包括：分析台灣電力系統的用電高峰與低谷、評估發電廠的發電計畫與調度效率、進行輸配電網路規劃、研究用電行為趨勢與季節性變化、支持能源政策制定與需求預測等。也適合學術研究與商業決策參考。

【3. 背景資訊】  
台電作為台灣主要的電力供應商，需持續監控與管理全國電力系統的負載狀況，以確保供電安全與穩定。此資料集的收集目的在於提供即時且準確的負載資訊，協助系統運營單位做出合適的發電與調度決策，並推動智慧電網與能源管理的發展。

【4. 資料特徵】  
資料集包含兩個主要欄位：日期時間（date_time），以文字格式記錄負載時間點；瞬時負載（load），以數值格式（兆瓦，MW）表示該時間點的電力負載。資料呈現為時間序列，更新頻率為每10分鐘一次，提供高時間解析度的負載變化資訊。

【5. 使用限制與注意事項】  
資料集中無法直接反映區域用電分布或用戶類別差異，僅為全台總負載數據。可能存在欠缺特定時間段資料的情況，使用時需注意資料完整性。若需進行更細緻的分析，建議搭配其他資料源，如區域負載、用戶類型或發電機組運轉狀況等，以獲得更全面的理解。

【6. 潛在價值】  
本資料可協助能源管理者及決策者掌握電力系統負載變化，有利於提升電網調度效率與供電安全。對於研究用戶用電行為、優化能源結構及推動節能減碳政策也具重要參考價值。此外，商業領域可利用此資料進行市場需求預測與風險評估，提升經營策略的科學性。

【7. 其他補充（分類說明）】  
該資料集屬於「輸配電負載監控」範疇，主要聚焦於電力系統的負載資訊，屬於配電與輸電監測的一部分。並非直接包含發電機組數據或用戶端詳細用電資料，但為整體電力系統運營與管理提供基礎數據支撐。"
台電每10分鐘負載資料(依能源別),發電,"發電, 輸配電, 負載分析, 多能源結構, 即時數據, 再生能源, 用電預測, 能源政策, 台灣電力, 電力系統","【1. 核心描述】  
本資料集記錄了台灣電力系統中各類能源來源的電力負載數據，數據以每10分鐘為時間間隔進行統計，涵蓋核能、燃煤、燃油、汽電共生、民營電廠、輕油、抽蓄發電、水力、風力、太陽能、燃氣等多種能源種類的用電負載情況。資料反映了台灣整體電力供應狀況，時間跨度涵蓋近年來的即時或歷史負載數據，地理範圍則為台灣全境。

【2. 應用場景】  
此資料集可用於多種場景，如發電效率分析、能源結構評估、輸配電系統規劃、用電需求預測、再生能源比例監控，以及能源政策制定和評估等。透過分析不同能源類別的負載變化，能協助電力公司與政府部門優化能源調度，推動綠能發展，並提升電力系統的穩定性與經濟效益。

【3. 背景資訊】  
資料由台灣電力公司蒐集並公開發布，反映台灣電力產業的實際運作情況。台電作為台灣主要的電力供應商，負責全台的電力生產與分配，藉由定期蒐集各能源來源的負載資料，支持電力系統的安全穩定運作及相關政策的制定。

【4. 資料特徵】  
資料包含14個欄位，主要為時間欄位（date_time，文字格式）與13個能源類別的數值欄位，分別代表不同能源的電力負載（單位通常為兆瓦或其他功率單位）。數值欄位為連續型數據，呈現即時或歷史負載量，涵蓋核能、燃煤、燃油、汽電共生、民營電廠、輕油、抽蓄發電、水力、風力、太陽能、燃氣、抽蓄負載等。資料更新頻率高，通常每10分鐘一次，能反映短時間內的負載波動。

【5. 使用限制與注意事項】  
資料中可能存在缺漏值或因設備檢修、通訊異常等原因導致的暫時缺數。此外，單獨使用此資料集無法全面解釋用電行為，常需搭配氣象資料、用電端資訊或經濟活動指標等輔助資料，才能更完整剖析負載變化的原因。使用者應注意數據的時間同步性及單位一致性，並留意資料的更新時間與完整性。

【6. 潛在價值】  
透過本資料集，研究人員與決策者可以深入了解各類能源的負載動態與結構變化，有助於提升電力系統效率、降低能源成本並減少碳排放。企業可依此調整發電策略與投資方向，政府部門則可基於數據監控能源政策成效，推動能源轉型與永續發展目標。

【7. 其他補充（分類說明）】  
本資料集屬於「發電」與「輸配電」相關分類，專注於電力產出端的能源結構與負載情況，涵蓋傳統與再生能源的多元能源來源，是理解台灣電力系統運作核心的重要資料來源。"
113年度技能競賽大數據運用類團體組-正式資料,售電,"製造業用電, 用電行為分析, 大數據分析, 電力負載預測, 能源效率, 節能政策, 售電, 用電管理, 技能競賽, 時間序列數據","【1. 核心描述】  
本資料集記錄了2024年度製造業用電情況，涵蓋各製造業別在特定用電時間點的用電度數及相關電號數量。資料主要反映製造業在不同時間的電力消耗狀況，地理範圍未特別限制，屬於大範圍行業用電數據。

【2. 應用場景】  
此資料集可用於分析製造業的用電行為與趨勢，協助企業優化用電管理，提升能源使用效率。也可用於能源供應商進行電力負載預測與輸配電規劃，或支持政府部門制定相關能源政策與節能措施。此外，資料可作為技能競賽中大數據分析類別的實務練習素材。

【3. 背景資訊】  
資料由技能競賽主辦單位提供，目的是促進參賽者在大數據運用領域的實務能力，並強化對能源產業數據的理解。製造業作為用電大戶，其用電數據的蒐集有助於推動整體能源管理與節能政策。

【4. 資料特徵】  
資料包含4個欄位：  
- industry（文字型態）：製造業名稱，表示用電單位所屬產業類別。  
- date_time（文字型態）：用電時間，記錄用電數據的時間點。  
- kwh（數值型態，15位整數及6位小數）：用電度數，反映該時間點的電力消耗量。  
- num（整數型態）：聚合電號數，代表該筆資料涵蓋的電號數量。  
資料可能以時間序列形式呈現，用於追蹤不同時間點的用電變化。更新頻率依技能競賽資料提供時間而定，非即時更新。

【5. 使用限制與注意事項】  
資料中可能存在缺漏值，尤其在時間標記或用電度數欄位，使用時需先行清理與驗證。資料時間以文字格式呈現，需轉換為標準時間格式以利分析。由於僅包含製造業用電，無法直接反映其他行業用電狀況。單一數據點代表聚合電號，可能掩蓋個別用電戶的詳細變化，建議搭配其他細部用電資料或地理資訊以獲得更完整的洞察。

【6. 潛在價值】  
此資料集有助於了解製造業用電模式，支持企業能源成本控制與效率提升。對電力公司而言，可用於負載管理與供電調度優化。政策制定者可藉由分析用電趨勢，制定更具針對性的節能政策與補助方案。對於學術研究及技能培訓亦具有實務價值，促進大數據分析技術與能源管理知識的結合。

【7. 其他補充（分類說明）】  
本資料集屬於「技能競賽」分類，專注於大數據分析的實務應用。從能源產業分類角度來看，資料主要涵蓋「用電」及「售電」層面，特別是用電端的製造業消費行為分析，並不包含發電或輸配電設備的運作數據。"
114年度技能競賽團體組大數據運用類題目-訓練資料,發電,"發電, 時間序列, 台灣電力, 大數據分析, 能源政策, 發電效率, 區域比較, 技能競賽, 電力預測, 發電量數據","【1. 核心描述】  
本資料集記錄了2025年度台灣各縣市在不同日期及小時的發電量數據。資料涵蓋時間範圍為全年各時段，地理範圍涵蓋全台所有縣市，主題聚焦於每小時的發電量數值，數據經過轉換處理以便分析使用。此資料集有助於了解不同區域及時間點的電力生產狀況。

【2. 應用場景】  
此資料集適用於多種情境，包括發電效率分析、區域發電量比較、電力需求預測，以及輔助政府或企業制定能源政策和規劃輸配電網絡。此外，也可用於技能競賽中大數據分析實務的練習與模型建置。

【3. 背景資訊】  
資料來源於技能競賽專案，旨在透過真實且具代表性的發電數據，培養參賽者利用大數據技術解決能源領域問題的能力。此競賽由相關能源或資訊技術機構主辦，反映業界對於精準能源數據分析的重視。

【4. 資料特徵】  
資料集包含三個主要欄位：  
- 「county」為文字類型，代表台灣的各縣市。  
- 「date_time」為文字類型，記錄具體的日期與小時，反映時間序列特性。  
- 「kwh」為數值類型，表示該時間與地點的發電量，單位為千瓦時，且已經過轉換處理，方便直接使用。  
資料可視為時間序列數據，適合進行時間分析與趨勢預測。更新頻率依賽事需求而定，通常為歷史完整資料集。

【5. 使用限制與注意事項】  
資料中發電量數據經轉換處理，使用者需注意轉換方法對分析結果的可能影響。資料集未明確標示缺漏值情況，分析前建議先行檢查與清理。此外，僅提供發電量與時間地理位置，若需深入分析發電原因或設備狀況，需搭配其他能量來源、氣象或設備資料。

【6. 潛在價值】  
透過本資料集，使用者能夠監控與比較不同區域及時間的發電表現，進而優化能源供應與管理策略。對政策制定者而言，可用於評估區域能源政策成效；對企業則有助於提升發電效率及降低成本；對學術與競賽團隊則提供實務數據支持創新分析方法。

【7. 其他補充（分類說明）】  
本資料集屬於「發電」類型，專注於記錄與分析電力生產階段的數據，不包含輸電、配電或售電相關資訊。適合用於發電量績效分析及相關能源大數據應用。"
114年度技能競賽團體組大數據運用類題目-正式競賽資料,發電,"發電, 時間序列, 地區分析, 能源管理, 發電效率, 技能競賽, 台灣能源, 再生能源, 發電量預測, WAND-發電","【1. 核心描述】  
本資料集記錄了台灣不同縣市於特定時間（以小時為單位）的發電量數據。資料涵蓋了2025年度（114年度）技能競賽期間內的發電量資訊，時間維度細緻到每小時，地理範圍涵蓋全台各縣市。資料中發電量已經經過轉換處理，便於分析使用。

【2. 應用場景】  
此資料集適用於分析不同地區的發電趨勢與效率，協助發電廠或能源管理單位優化發電排程。此外，也可用於輸配電網路規劃，評估各地負載需求及能源分布，甚至可輔助政府或相關機構制定區域能源政策及推動再生能源發展策略。

【3. 背景資訊】  
該資料集源自台灣政府或相關能源管理單位，為114年度技能競賽團體組大數據運用類題目的正式競賽資料。收集此資料的目的是培養並檢驗參賽者在能源大數據分析與應用上的能力，同時促進能源產業的數據透明化與智慧化管理。

【4. 資料特徵】  
資料包含三個主要欄位：  
- 縣市（county）：文字格式，標示發電量所屬的地理區域。  
- 時間-小時（date_time）：文字格式，表示資料記錄的具體時刻，精確到小時。  
- 發電量（kwh）：數值格式，經過轉換處理的發電量數據，單位為千瓦時（kWh）。  

資料呈現為時間序列形式，方便進行時段分析。更新頻率依競賽資料提供狀況而定，通常為歷史資料。

【5. 使用限制與注意事項】  
資料中可能存在缺漏值或時間點未涵蓋所有地區，使用時需留意資料完整性。此外，發電量已做過轉換，若需更細節的原始數據或其他相關能源參數（如燃料種類、發電設備類型）則需搭配其他資料集。因資料時間格式為文字，分析前建議轉換為日期時間型態以利操作。

【6. 潛在價值】  
透過分析本資料集，可幫助能源管理單位掌握不同縣市的發電狀況，提升能源調度效率與供需平衡能力。政策制定者也能根據發電量分布，制定更精準的能源政策或補助方案。此外，企業可利用此資料評估市場需求，推動智能電網與再生能源應用，促進綠色轉型及永續發展。

【7. 其他補充（分類說明）】  
本資料集屬於發電類別，主要聚焦於各地區發電量的記錄與分析，不包含輸電、配電或售電的相關數據。適合用於發電效率監控、發電量預測及相關技能競賽的數據應用。"
115年度技能競賽團體組大數據運用類題目-訓練資料,發電,"發電量, 時間序列, 區域分析, 能源預測, 發電效率, 大數據分析, 技能競賽, 能源管理, 發電","【1. 核心描述】  
這個資料集記錄了特定區域在特定時間點的發電量數據。資料涵蓋了不同區域（region）在不同時間（date_time）的電力產出（kwh），反映了區域電力生產的變化情況。資料主要聚焦於發電量的數值，時間範圍則依照資料中的日期時間欄位而定，地理範圍為各個標示的區域。

【2. 應用場景】  
此資料集可用於分析各區域的發電量趨勢，幫助評估發電效率和能源供應狀況。適合用於發電量預測、區域能源資源分配、發電設備效能評估，以及技能競賽中大數據分析和能源應用相關問題的練習與測試。也能作為輸配電計畫及能源政策制定的參考資料。

【3. 背景資訊】  
該資料集是為115年度技能競賽團體組大數據運用類題目所準備的訓練資料，目的是提供參賽者練習和驗證資料分析能力。資料來源與背景與能源產業相關，透過真實或模擬的發電量數據，幫助參賽者理解並應用能源領域的大數據分析技術。

【4. 資料特徵】  
資料集包含三個主要欄位：區域（region，文字類型）、時間（date_time，文字類型，代表時間點）以及發電量（kwh，數值型態，單位為千瓦時）。資料呈現為時間序列形式，反映各區域在不同時間點的發電量。資料更新頻率視技能競賽需求而定，通常為歷史靜態資料。

【5. 使用限制與注意事項】  
資料中時間欄位為文字格式，使用時可能需轉換為標準時間格式以利分析。資料集欄位較少，缺乏詳細的設備類型、氣候條件或用電需求等輔助資訊，分析時可能需要搭配其他資料來源以得到更完整的理解。資料可能存在缺漏值或時間點不連續的情況，需進行適當的資料清理。

【6. 潛在價值】  
透過本資料集，可以有效練習和驗證區域發電量的資料分析與預測能力，對能源管理者、政策制定者及相關研究人員具有參考價值。能協助評估發電表現及區域能源供應狀況，促進能源資源的合理配置，並推動能源產業的數據驅動決策。

【7. 其他補充（分類說明）】  
此資料集屬於發電相關分類，重點在於記錄並分析各區域的發電量，適合用於發電效率監控與分析，並為技能競賽中能源大數據應用題目提供基礎資料。"
中央氣象署鄉鎮氣象預報資料(舊)-區域對照表,售電,"氣象資料, 地理對照, 區域預報, 災害預警, 能源負載預測, 智慧城市, 政策支援, 地理資訊系統, 氣象觀測, 配電","【1. 核心描述】  
本資料集「中央氣象署鄉鎮氣象預報資料(舊)-區域對照表」記錄了台灣各縣市及其鄉鎮市區的地理資訊與對應代碼，包含縣市名稱、鄉鎮市區名稱、地區編碼，以及對應的緯度與經度座標。資料主要用於區域氣象預報的地理參考，涵蓋全台灣範圍，時間上則以最後更新時間標示資料維護狀態。

【2. 應用場景】  
此資料集可用於將氣象預報數據精確對應至特定鄉鎮市區，幫助氣象服務提供更細緻的區域預報。也適用於氣象分析、災害預警系統、能源需求預測（如根據天氣調整用電負載）、城市規劃及交通管理等場景。此外，與其他區域性資料結合，還能支持環境研究及地方政策制定。

【3. 背景資訊】  
資料來源為中央氣象署，台灣政府官方氣象機構，負責提供全國氣象觀測與預報服務。收集此區域對照資料是為了統一氣象資料的地理標準，方便不同系統與用戶準確識別與使用各鄉鎮市區的氣象資訊，確保預報和分析的地理一致性。

【4. 資料特徵】  
資料欄位共6項，包含：  
- 縣市別（country，文字類型）  
- 鄉鎮市區（city，文字類型）  
- 地區編碼（geocode，文字類型）  
- 緯度（lat，數值型，精確到小數點後6位）  
- 經度（lon，數值型，精確到小數點後6位）  
- 最後更新時間（last_update_time，文字型，記錄資料最後一次更新時間）  
資料屬於靜態參考資料，更新頻率視氣象署官方維護而定，通常不會頻繁變動。

【5. 使用限制與注意事項】  
本資料集僅包含地理對照資訊，不含實際氣象數據，需與氣象觀測或預報資料結合使用。資料中可能存在少數行政區劃調整未即時反映的情況，且無缺漏值，但使用時應確認與最新行政區劃一致性。此外，「最後更新時間」欄位為文字格式，解析時需注意格式差異。

【6. 潛在價值】  
本資料能有效促進氣象數據的區域精準對應，提升氣象服務的準確度和實用性，對於能源產業如發電調度、輸配電負載管理、以及風險評估等方面皆有助益。更廣泛來說，地方政府、研究機構及企業可利用此資料更好地結合氣象與地理資訊，支持決策制定、災害防範與智慧城市發展。

【7. 其他補充（分類說明）】  
本資料集屬於「氣象觀測」分類，主要提供地理區域對應關係，屬於氣象資料體系中的基礎參考資料。它並非直接的發電、輸電、配電或售電資料，但在能源產業中可作為氣象資料與地理位置整合的關鍵橋樑，間接支持相關業務應用。"
中央氣象署鄉鎮氣象預報資料(舊)-天氣預測詳細表,售電,"氣象預報, 時間序列, 區域氣象, 能源需求預測, 災害預警, 公共健康, 風力發電, 太陽能發電, 氣象觀測","【1. 核心描述】  
本資料集記錄了中央氣象署針對台灣各鄉鎮區域的天氣預報詳細資訊，涵蓋的時間範圍包括每筆資料的開始與結束時間，並持續更新。資料內容包含溫度、露點溫度、相對溼度、風向風速、蒲福風級、舒適度指標、體感溫度及天氣現象等多項氣象指標。地理範圍以鄉鎮區域為單位，對應特定地區編碼，提供精細的區域氣象預報資訊。

【2. 應用場景】  
此資料集適用於多種情境，包括日常天氣預報參考、農業生產規劃、戶外活動安排、災害預警與應變、城市規劃與交通管理、健康風險評估（如熱傷害預防）、能源需求預測（如空調與暖氣用電量分析）等。此外，也能支持氣象科學研究與氣候趨勢分析。

【3. 背景資訊】  
資料由中央氣象署提供，作為政府官方氣象預報的基礎資料，目的是提供精確且即時的氣象資訊，協助民眾與相關單位掌握天氣變化，促進公共安全與生活品質提升。中央氣象署作為臺灣氣象監測與預報的主要機構，肩負氣象資料蒐集、分析與發布的責任。

【4. 資料特徵】  
資料包含16個欄位，涵蓋地區編碼（文字型態）、時間區間（文字型態）、多項氣象數值指標（整數型態，如溫度、相對溼度、舒適度指數等）與氣象分類描述（文字型態，如風向、天氣現象、天氣代碼等）。資料主要呈現時間序列形式，並依天氣預報更新頻率持續更新，更新時間亦有欄位記錄，方便追蹤資料新舊。

【5. 使用限制與注意事項】  
資料中的時間欄位以文字格式呈現，使用時需轉換為標準時間格式以利分析。部分欄位如風速、風向為文字型態，可能需進一步數值化處理。資料可能存在缺漏值，特別是極端天氣或資料傳輸不及時時段，使用前建議進行完整性檢查。此外，天氣描述及舒適度指數為氣象模型與專家判斷結果，可能帶有一定預測誤差，建議搭配其他氣象資料或現場觀測資料綜合分析。

【6. 潛在價值】  
透過本資料集，使用者能掌握各地區具體的氣象條件與預測變化，協助制定更精準的應對策略，如能源消耗調配、災害風險管理、公共健康預警等。對企業而言，亦可作為產品規劃、行銷策略或勞動力調度的重要參考依據。對研究者則提供豐富的歷史與即時天氣預報數據，支持氣候模型驗證與環境影響評估。

【7. 其他補充（分類說明）】  
本資料集屬於氣象觀測類別，主要聚焦於天氣預報與氣象指標的詳細描述，不直接涵蓋發電、輸電、配電或售電等能源產業相關數據，但其氣象資訊對能源產業中的風力發電、太陽能發電等可再生能源評估及用電需求預測具有重要參考價值。"
中央氣象署鄉鎮氣象預報資料(舊)-6小時降雨機率表,售電,"氣象預報, 降雨機率, 時間序列, 災害預警, 水力發電, 風力發電, 智慧城市, 永續發展, 氣象服務, 發電","【1. 核心描述】  
本資料集記錄了中央氣象署針對臺灣各鄉鎮地區所發布的6小時降雨機率預報資料。資料涵蓋範圍包括全臺各鄉鎮的地理編碼，時間範圍以預報的開始時間與結束時間標示，主要呈現未來6小時內降雨發生的機率百分比。資料以時間序列方式呈現，反映不同時段的降雨可能性。

【2. 應用場景】  
此資料集適用於氣象預報分析、災害預警、農業灌溉規劃、城市排水系統設計以及戶外活動安排等多種情境。能源產業中，也可用於水力發電調度、風力發電影響評估，或作為用電需求預測的氣象參考。此外，政府部門可藉此資料制定防災減災的政策與方案。

【3. 背景資訊】  
資料由中央氣象署收集與發布，作為國家氣象服務的一部分，目的是提供精確且即時的天氣預報資訊，提升公共安全與各行業的氣象應用效率。中央氣象署作為臺灣官方氣象機構，負責監測氣候變化、天氣預測及相關研究。

【4. 資料特徵】  
資料包含五個欄位：  
- 地區編碼（geocode）：字串型態，標示鄉鎮位置。  
- 預報起始時間（stime）與結束時間（etime）：文字格式，代表降雨機率的時間區間。  
- 6小時降雨機率（rain_6hr）：整數，表示該時段內降雨的機率百分比。  
- 最後更新時間（last_update_time）：文字格式，記錄資料最新更新的時間點。  
資料以時間序列方式呈現，更新頻率依中央氣象署發布時程而定，通常為數小時一次。

【5. 使用限制與注意事項】  
資料中可能存在部分時間或地區的缺漏值，且降雨機率為預報值，具有不確定性。使用時應考慮氣象預報本身的誤差範圍。為得到更完整的氣象狀況分析，建議搭配其他氣象資料如溫度、風速或實際降雨量等使用。地區編碼需對應官方地理資訊系統以確保準確定位。

【6. 潛在價值】  
本資料有助於提升災害預警效率，降低洪水或土石流等氣象災害的風險。對能源產業而言，可輔助水力及風力發電的調度決策，優化發電效率與安全運營。在農業與水利管理上，也有助於合理安排灌溉及水資源分配。整體而言，此資料支持跨領域決策與研究，推動智慧城市與永續發展。

【7. 其他補充（分類說明）】  
此資料集屬於氣象觀測類別，主要聚焦於降雨預報，屬於氣象服務與預測範疇，並非直接涵蓋發電、輸電、配電或售電等能源系統分類，但作為氣象資訊，對能源產業有間接且重要的輔助作用。"
中央氣象署鄉鎮氣象預報資料(舊)-12小時降雨機率表,售電,"降雨預報, 氣象資料, 時間序列, 防災減災, 農業管理, 水力發電, 用電負載預測, 氣象觀測, 能源調度","【1. 核心描述】  
本資料集記錄了中央氣象署針對臺灣各鄉鎮地區所發布的12小時降雨機率預報。資料涵蓋的時間範圍依預報時段而定，每筆資料包含特定時段內的降雨機率，反映未來12小時內該地區可能降雨的機率。地理範圍涵蓋臺灣全境各鄉鎮，資料主要聚焦於天氣預報中的降雨機率指標。

【2. 應用場景】  
此資料集可用於多種情境，如氣象預報服務、農業灌溉管理、防災減災規劃及應急響應、城市排水系統設計與維護、戶外活動安排，以及能源產業中與降雨相關的水力發電調度和用電負載預測等。相關單位能根據降雨機率提前部署資源，降低風險。

【3. 背景資訊】  
資料由中央氣象署公開發布，作為臺灣官方氣象預報的一部分。收集此資料的目的在於提供民眾及相關產業準確的降雨預報資訊，協助提升生活安全與生產效率。氣象署透過氣象觀測與數值模擬，持續更新並完善此類預報資料。

【4. 資料特徵】  
資料包含5個主要欄位：  
- 地區編碼（geocode）：用以標示特定鄉鎮，文字格式。  
- 預報起始時間（stime）與結束時間（etime）：表示12小時預報的時間區間，文字格式。  
- 12小時降雨機率（rain_12hr）：以百分比表示未來12小時內降雨的可能性，為整數型態。  
- 最後更新時間（last_update_time）：資料最後一次更新的時間點，文字格式。  
資料多為時間序列形式，通常依照氣象署更新頻率周期性發布，更新頻率依官方預報時間而定。

【5. 使用限制與注意事項】  
資料中可能存在部分地區因氣象觀測或模擬限制而缺少資料，且降雨機率為預報值，具有不確定性，使用時需留意預報誤差。部分欄位為文字格式時間，使用前需轉換為標準時間格式以利分析。單一資料集無法完全解釋降雨原因，建議搭配其他氣象參數（如溫度、風速）或地形資料以獲得更全面的分析。

【6. 潛在價值】  
這份資料能幫助政府機關和企業提前掌握降雨趨勢，提升防災準備效率，優化農業及水資源管理，並改善民眾日常生活安排。對能源產業而言，準確的降雨預報有助於水力發電調度及用電需求預測，減少能源浪費並提升系統穩定性。

【7. 其他補充（分類說明）】  
本資料集屬於氣象觀測類別，專注於降雨預報資訊，非直接屬於發電、輸電、配電或售電等能源資料分類，但可作為能源相關產業中氣象因素分析的重要輔助資料。"
中央氣象署鄉鎮沿海未來72小時逐3小時天氣預報資料-位置對照表,發電,"氣象預報, 沿海區域, 地理座標, 災害預警, 風力發電, 發電, 防災應變, 海洋能源, 能源調度","【1. 核心描述】  
本資料集記錄了中央氣象署對台灣各鄉鎮沿海地區未來72小時的天氣預報對應位置資訊，資料以每3小時為一個預報時間點進行更新。涵蓋範圍包含台灣全境各縣市的鄉鎮沿海區域，提供對應的地理座標（緯度與經度）及地區編碼，方便使用者快速定位及連結相關氣象數據。

【2. 應用場景】  
此資料集適用於多種情境，包括海岸區域的氣象監控、災害預警系統、漁業與海運規劃、沿海風力發電場的氣象條件評估，以及地方政府在防災與城市規劃上的決策參考。此外，也可作為能源產業中結合天氣因素進行發電量預測與調度的基礎資料。

【3. 背景資訊】  
資料由中央氣象署公開發布，旨在提升社會對沿海天氣變化的掌握能力，特別是面對颱風、風暴潮等自然災害時，提供精準且及時的氣象預報資訊。中央氣象署作為政府氣象監測與預報機構，持續更新並維護此類資料，以保障公共安全與促進相關產業發展。

【4. 資料特徵】  
資料包含7個欄位，其中包括地區編碼（文字型態）、縣市名稱、鄉鎮沿海區名稱及其專屬編碼，以及精確的緯度與經度數值，最後還有預報發布時間（文字型態）。資料結構簡潔，屬於分類與地理座標型態，方便與其他氣象觀測或預報資料結合使用。更新頻率為每三小時一次，符合氣象預報的即時性需求。

【5. 使用限制與注意事項】  
本資料集僅提供位置與時間點對應，並不包含具體天氣狀況或數值（如溫度、風速等），需搭配中央氣象署其他氣象預報資料方能完整解讀。由於資料主要針對沿海鄉鎮區域，非沿海地區資料較為缺乏，使用時需注意地域適用性。此外，資料本身可能不包含歷史修正或異常值標記，使用者應留意資料品質與完整性。

【6. 潛在價值】  
透過結合本資料集提供的精確地理位置與時間標記，使用者能有效整合氣象預報資訊，應用於防災應變、能源調度、環境監控及海洋相關產業等領域。資料有助於提升決策效率與準確性，並支持政策制定者針對沿海地區的氣象風險制定相應對策。

【7. 其他補充（分類說明）】  
本資料屬於氣象觀測類公開資料，專注於地理位置與時間對照，為氣象預報資料中的基礎支援資料。雖非直接能源資料，但在能源產業中尤其是風力發電與海洋能源開發領域，為氣象條件分析提供重要參考依據。"
中央氣象署鄉鎮沿海未來72小時逐3小時天氣預報資料-天氣預測詳細表,配電,"氣象預報, 海洋氣象, 風力發電, 海洋能源, 輸電安全, 時間序列, 沿海地區, 風速風向, 浪高浪向, 配電","【1. 核心描述】  
本資料集由中央氣象署提供，記錄未來72小時內，沿海鄉鎮地區每3小時的天氣預報詳細資訊。涵蓋的範圍為台灣沿海鄉鎮，內容包含風速、風向、浪高、浪向、海流速度與方向、雲量及天氣現象等多項氣象指標，時間範圍為預報發布日起的3日內，更新頻率為每3小時一次。此資料有助於掌握沿海氣象及海洋狀況的變化趨勢。

【2. 應用場景】  
此資料集可廣泛應用於海洋及能源產業，例如：海上風力發電場的風況評估與發電效率預測、海洋輸配電設施的安全監控、漁業作業與航運規劃、安全預警系統建置、以及防災減災相關決策支援。此外，政府能源政策制定者及環保單位亦可利用此資料進行氣象風險分析與環境影響評估。

【3. 背景資訊】  
中央氣象署作為台灣主要氣象監測與預報機構，透過科學儀器與數值模式模擬，定期發布沿海地區天氣預報。建立此資料集的目的是為了提升沿海海洋作業的安全性與效率，並支援相關產業及政府部門在面對氣象變化時的應對能力。此資料亦符合政府推動公開資料的政策，促進多元應用。

【4. 資料特徵】  
資料集包含18個欄位，主要包括鄉鎮沿海編碼（文字型態）、預報時間與發布時間（文字型態時間標記）、風速（多單位：公尺/秒、節、公里/時）、風向（8方位文字標示）、浪高與浪週期（數值型態）、海流速度與方向（多單位速度與8方位方向）、雲量百分比（整數）、天氣現象及其代碼（文字型態）。資料為時間序列形式，每3小時更新一次，呈現未來72小時的預報。

【5. 使用限制與注意事項】  
資料可能存在預報誤差，尤其在極端氣象條件下預報準確度會降低。部分欄位如浪高、海流速度等數據在無適當測站時可能缺漏，使用時需留意資料完整性。此外，資料僅涵蓋沿海鄉鎮，無法反映內陸地區氣象狀況。為獲得更全面的分析效果，建議搭配地面氣象觀測資料或其他海洋環境監測資料使用。

【6. 潛在價值】  
透過本資料集，使用者可即時掌握沿海地區的氣象與海洋狀況，提升海上作業安全，優化風力發電及其他海洋能源開發的運營管理。政府與企業可據此制定更精確的風險控管策略與營運計畫，降低氣象因素帶來的損失。此外，對於學術研究或環境監測亦提供了豐富且具時效性的數據支持。

【7. 其他補充（分類說明）】  
本資料集屬於氣象觀測類型，與能源產業關聯主要集中於海上風電及海洋能源領域。其提供的風速、風向、浪高等資訊，是發電效率分析及海洋輸配電規劃的重要參考依據，但不直接包含電力系統運作數據，故屬於氣象預報輔助類資料。"
中央氣象署署屬氣象測站觀測資料-每日逐時氣象觀測資料,發電,"氣象觀測, 時間序列, 氣候變遷, 再生能源, 發電, 風力發電, 太陽能發電, 輸配電輔助, 災害預警, 環境監控","【1. 核心描述】  
本資料集記錄了中央氣象署所屬氣象測站每日逐時的氣象觀測數據，涵蓋全台灣各測站在不同時間點的氣象狀況。資料內容包括氣壓、溫度、相對溼度、風速與風向、降雨量以及日照時數等指標，時間範圍涵蓋每日的逐時觀測，提供詳細的氣象變化資訊，適用於了解特定時間及地點的氣象條件。

【2. 應用場景】  
這份資料集適用於多種情境，包括天氣預報模型的建立、氣候變遷與環境研究、農業灌溉與病蟲害預警、發電廠環境監控、再生能源系統如風力與太陽能發電效率分析，以及災害預警與城市防災規劃等多方面的應用。能源產業中，氣象資料是輸配電規劃和用電負載預測的重要依據。

【3. 背景資訊】  
資料由中央氣象署負責收集與維護，該機構是台灣官方氣象監測與預報的權威單位。收集這類氣象觀測資料的目的是為了提供準確及時的天氣資訊，支援政府決策、民眾生活安全及多項產業應用，並進一步促進氣象科學研究與國家氣象服務能力。

【4. 資料特徵】  
資料包含九個主要欄位：測站識別碼（station_id，文字型態）、觀測時間（data_time，文字型態）、氣壓（pressure，數值型態，單位hPa）、溫度（temperature，數值型態，°C）、相對溼度（relative_humidity，整數％）、風速（wind_speed，文字型態，單位m/s）、風向（wind_direction，文字型態）、降雨量（precipitation，文字型態，毫米）、日照時數（sunshine_duration，文字型態，單位小時）。資料以逐時形式更新，適合做時間序列分析。

【5. 使用限制與注意事項】  
由於部分欄位如風速、降雨量、日照時數為文字型態，使用前建議進行格式轉換與數值清理。資料中可能存在缺漏值或觀測異常，需注意資料品質檢查。部分氣象變數受測站地理環境影響較大，解讀時建議結合測站位置與周邊環境資訊。此資料主要涵蓋氣象參數，若要做用電行為或能源系統分析，需搭配其他用電或設備運行資料。

【6. 潛在價值】  
透過本資料集，使用者能夠掌握氣象條件的變化趨勢，為能源產業如風力與太陽能發電的效率評估提供依據，協助提升發電調度與負載預測的準確性。政府與研究單位則可基於此資料推動氣候變遷研究、環境保護及防災減災政策制定。此外，農業、交通及公共安全等領域均能受惠於詳細氣象資訊的應用。

【7. 其他補充（分類說明）】  
本資料集屬於「氣象觀測」類別，並非直接的能源生產或輸配電數據，但作為外部環境參數，對發電（尤其是再生能源）、輸電與配電系統的運作有重要輔助作用。使用時建議結合相關能源數據，以達到更完整的分析效果。"
中央氣象署署屬氣象測站觀測資料-每日溫度極值及平均資料,發電,"氣象觀測, 溫度資料, 氣候變遷, 能源需求預測, 發電, 輸配電, 環境監測, 智慧城市, 防災應用, 節能減碳","【1. 核心描述】  
本資料集記錄了中央氣象署所屬各氣象測站每日的溫度極值及平均溫度數據。資料涵蓋多個固定測站，反映不同地區的氣溫狀況，時間範圍包含每日的觀測值，提供溫度的最高值、最低值與平均值，單位為攝氏度。資料主要針對台灣地區的氣象環境進行觀測與記錄。

【2. 應用場景】  
此資料集適合用於氣象分析、環境監測、能源需求預測及氣候變遷研究。具體應用包括發電廠依據溫度變化調整運作策略、輸配電系統因應氣溫波動進行負載管理、用電行為分析（如空調使用頻率）、以及政府或研究機構制定氣候相關政策與防災計畫之參考。

【3. 背景資訊】  
資料由中央氣象署負責蒐集與維護，該機構為台灣官方氣象預報與監測單位，致力於提供準確且即時的氣象資訊，以保障公共安全及促進相關產業發展。蒐集此資料的目的是為了掌握日常氣候變化，支持各界對氣候趨勢的研究與實務應用。

【4. 資料特徵】  
主要欄位包括測站代碼（station_id）、觀測日期（data_date）、最高溫度（max_temperature）、最低溫度（min_temperature）與平均溫度（mean_temperature）。其中，溫度欄位為數值型態，日期為文字格式。資料以每日為單位定期更新，反映當天的溫度狀況。

【5. 使用限制與注意事項】  
資料可能存在部分缺漏值，特別是在設備維護或極端天氣條件下。單一測站資料需結合其他測站數據或相關氣象資料（如降雨、風速）才能更完整解讀氣象狀況。此外，資料中日期格式為文字，使用前需注意格式轉換與時序排序。

【6. 潛在價值】  
透過此資料集，可以掌握台灣各地區每日氣溫變化趨勢，協助能源產業優化發電與調度策略，提升能源使用效率。對於氣候研究者，提供長期氣溫資料支持氣候變遷分析與預測。政府則可依據氣溫變化制定相關防災、節能減碳政策，並推動智慧城市與環境保護計畫。

【7. 其他補充（分類說明）】  
本資料集屬於氣象觀測分類，與能源產業中的發電、輸電、配電及售電環節相關聯，特別對發電與輸配電階段有直接影響，因為氣溫是影響電力需求與設備效能的重要環境因子。"
中央氣象署自動氣象測站觀測資料-每日逐時氣象觀測資料,售電,"氣象觀測, 時序分析, 氣象預報, 災害預警, 風力發電, 再生能源, 輸配電輔助, 環境監控, 資料完整性, 台灣氣象","【1. 核心描述】  
本資料集記錄了台灣地區中央氣象署所設置的自動氣象測站，於每日逐時觀測的氣象數據。涵蓋的內容包括風向、風速、溫度、濕度、氣壓、降雨量、最大陣風及其發生時間，以及每日最高、最低溫度與天氣現象等指標。資料時間範圍為每日逐時更新，涵蓋多個測站，地理位置分布於全台各地，反映當地氣象狀況。

【2. 應用場景】  
此資料集可用於多種情境，包含氣象變化分析、短期天氣預報驗證、災害預警（如颱風或豪雨）、風力發電效率評估、農業氣象管理、城市環境監控，以及能源產業中與氣候條件相關的輸配電規劃與用電行為研究，協助決策者制定更精準的政策與應對方案。

【3. 背景資訊】  
該資料由中央氣象署公開提供，作為國家氣象監測體系的重要組成部分，旨在透過自動化測站持續收集精確的氣象資訊，支持氣象預報、災害防救及相關科學研究。氣象資料的準確與即時性對於防範自然災害及維持國家安全有重大意義。

【4. 資料特徵】  
資料包含17個欄位，主要為數值型態（如風速、溫度、氣壓）及文字型態（如測站ID、觀測時間、天氣現象）。時間相關欄位以文字格式記錄（例如觀測時間、最大陣風時間），方便與其他時間序列資料整合。資料每日更新，並提供逐小時觀測資訊，適合進行時序分析。

【5. 使用限制與注意事項】  
資料可能存在缺漏值或因測站維護、設備故障導致的觀測中斷，使用時需留意資料完整性。部分欄位如最大陣風時間與天氣現象為文字描述，需搭配數值資料綜合解讀。對於長期趨勢分析，建議結合其他氣象資料或歷史觀測紀錄，以提高解釋力。

【6. 潛在價值】  
此資料集能協助能源產業評估氣象條件對發電及輸配電系統的影響，促進風力及太陽能等再生能源的布局優化；同時支持氣象風險評估，有助於提升基礎設施韌性。對學術研究與政府政策制定亦具高度參考價值，促進氣候變遷與環境管理相關議題的深入探討。

【7. 其他補充（分類說明）】  
本資料屬於「氣象觀測」分類，涵蓋全台自動氣象測站的環境氣象數據，非直接屬於發電、輸電、配電或售電範疇，但其氣象資訊對於上述能源環節尤其是風力與太陽能發電，及相關輸配電系統規劃有重要輔助作用。"
Accuweather氣象網站鄉鎮氣象預報資料-區域對照表,輸電,"氣象預報區域, 行政區對應, 災害預警, 能源調度, 發電, 輸電, 配電, 地域氣象分析, 台灣行政區, 氣象服務整合","【1. 核心描述】  
本資料集記錄了台灣各縣市及其鄉鎮市區的氣象預報區域對照資訊，包含縣市名稱、鄉鎮名稱以及對應的地區編碼。資料主要用於連結氣象預報數據與行政區域，時間範圍為持續更新的即時或近期氣象預報，涵蓋台灣全境的各鄉鎮行政區。

【2. 應用場景】  
此資料集可用於將氣象預報與具體行政區域對應，方便進行地方層級的天氣分析與應用。適用於氣象服務平台的資料整合、災害預警系統的區域通知、自來水或電力企業依據區域氣候調整營運策略，以及政府部門進行地方氣象狀況監控與政策制定。

【3. 背景資訊】  
資料由Accuweather氣象網站提供，目的是為了在氣象預報服務中精準對應台灣各行政區，提升氣象資訊的地域辨識度與應用便利性。背後涉及氣象服務業與政府公共資訊開放的合作，以促進氣象資料的廣泛應用與地方防災減災。

【4. 資料特徵】  
資料包含三個主要欄位：縣市別（county）、鄉鎮市區（township）及地區編碼（location_key），欄位均為文字型態。地區編碼為Accuweather系統內部用來識別各氣象預報區域的唯一標識。資料更新頻率視氣象資料更新而定，通常會隨著預報區域調整定期維護。

【5. 使用限制與注意事項】  
資料本身不包含氣象數據，僅為區域對應表，需搭配具體的氣象預報數據才能發揮完整功能。部分特殊行政區劃或新設區域可能尚未及時更新，使用時需注意最新版本。資料無明顯缺漏值，但因行政區調整可能會有變動，建議定期比對官方行政區資訊。

【6. 潛在價值】  
透過此資料集，可以將氣象預報精準對應到各地方行政區，助力於地方政府、企業和研究機構在災害管理、資源調度、用電需求預測及農業氣象服務等領域做出更有效的決策。提高氣象資訊的地域適用性，促進跨領域的數據整合與應用。

【7. 其他補充（分類說明）】  
本資料集屬於氣象觀測類別，專注於氣象預報區域的行政區劃對應，並非直接的氣象測量數據。主要功能在於發電、輸電、配電等能源產業中，協助將氣象預報與能源需求區域匹配，提升能源調度的準確性與效率。"
Accuweather氣象網站鄉鎮氣象預報資料-天氣預測詳細表,輸電,"氣象預報, 台灣鄉鎮, 時間序列, 風力發電, 太陽能發電, 災害預警, 能源調度, 公共衛生, 智慧城市, 氣象觀測","【1. 核心描述】  
這個資料集記錄了台灣各鄉鎮的詳細氣象預報資訊，涵蓋多項天氣相關指標，如溫度、風向風速、濕度、降雨量、紫外線指數等。資料涵蓋的時間以預報時間為基準，提供未來一段時間內的天氣狀況預測。地理範圍以台灣各鄉鎮為單位，區分細緻，有助於掌握不同地區的氣象變化。

【2. 應用場景】  
此資料集適合用於多種情境，包括：日常生活的天氣預報查詢、農業活動的氣象條件評估、災害防範如颱風或豪雨預警、城市規劃與環境監控、能源產業中風力與太陽能發電效率分析，以及公共衛生領域中空氣品質與紫外線曝曬風險評估等。

【3. 背景資訊】  
資料來源於Accuweather氣象網站，為公開提供的氣象觀測與預報數據。Accuweather為全球知名的氣象服務機構，致力於提供準確的天氣預測，支援各行業及民眾的決策需求。此資料集的建立是為了方便使用者即時掌握地方氣象狀況，並促進氣象資訊的透明與廣泛應用。

【4. 資料特徵】  
資料包含23個欄位，涵蓋數值型態（如溫度、風速、降雨量）、文字類型（如地區編碼、風向、天氣現象描述）、以及時間字符串（預報時間）。重要指標包括溫度與體感溫度、風向風速、濕度、降雨機率與量、紫外線指數、雲層覆蓋率及空氣品質等。資料多為時間序列型，適合進行趨勢分析。更新頻率依Accuweather預報更新機制，通常為每日多次更新。

【5. 使用限制與注意事項】  
資料可能存在預報不確定性，因天氣本身具有變動性，預報時間越遠準確度可能降低。部分欄位如室內濕度與描述可能非全區均有完整數據，需注意缺漏值。使用時建議搭配其他氣象觀測數據或實測資料，以提升分析準確性。此外，資料以鄉鎮為單位，地理細節有限，無法反映微氣候差異。

【6. 潛在價值】  
本資料集可幫助政府與企業在防災減災、能源調度、農業管理、公共衛生、交通運輸等領域做出更精準的決策。透過深入分析氣象趨勢，可優化能源使用效率，提升風險評估能力，並促進智慧城市與環境永續發展。

【7. 其他補充（分類說明）】  
此資料集屬於「氣象觀測」分類，主要聚焦於天氣預報與環境氣象指標，並非直接涵蓋發電、輸電、配電或售電等能源產業環節，但其氣象資訊對能源產業中特別是再生能源的規劃與運行具有重要輔助意義。"
Windy氣象網站-太陽能案場日照量預測資料,發電,"太陽能發電, 氣象預測, 日照量預測, 時間序列, 發電, 能源調度, 再生能源, 營運管理, 能源政策, 風險管理","【1. 核心描述】  
本資料集記錄了來自Windy氣象網站的太陽能案場日照量預測數據，涵蓋特定案場在未來時間點的日照強度（以瓦特每平方公尺為單位）。資料主要聚焦於太陽能發電相關的氣象預測資訊，時間範圍依預測時間而定，地理位置則依案場名稱所代表的不同太陽能設置點而異。

【2. 應用場景】  
此資料集適用於太陽能發電效率分析、發電量預估、能源調度規劃、以及太陽能系統維運管理。也可用於能源政策制定者評估太陽能資源分布，協助提升可再生能源利用率。此外，研究機構可利用此資料分析日照變化趨勢，進行氣候影響與環境評估。

【3. 背景資訊】  
資料由Windy氣象網站提供，該網站專注於氣象數據服務，透過先進模型預測各地區的氣象變化。因太陽能發電高度依賴日照量，準確的日照預測對能源產業尤其重要，此資料集因此被開發以支援太陽能案場的營運與規劃需求。

【4. 資料特徵】  
主要欄位包括「案場名稱（unit_name）」、「預測時間（forecast_time）」及「預測日照量（forecast_power）」。其中，案場名稱為文字類型，預測時間以文字格式呈現，預測日照量為數值類型，單位為瓦特每平方公尺（W/m²）。資料呈現為時間序列形式，更新頻率依Windy氣象預報模型更新而定，通常為每日或數小時一次。

【5. 使用限制與注意事項】  
資料可能存在預測誤差，因氣象預報本身具不確定性。此外，資料中預測時間以文字形式呈現，使用時需注意格式轉換。日照量預測僅反映未來特定時間點的估計值，非實測數據。若需進一步分析發電效益，建議結合實際發電量與其他氣象參數（如雲量、溫度）共同使用。

【6. 潛在價值】  
此資料有助於提升太陽能發電場的營運效率與風險管理，協助電力系統調度與能源交易決策。對政策制定者而言，能更精準掌握太陽能資源分布，推動再生能源政策落實。商業上，可用以優化太陽能設備佈局，降低成本並提升收益。

【7. 其他補充（分類說明）】  
本資料集屬於氣象觀測類別，專注於太陽能發電相關的氣象預測，屬於再生能源產業中的發電環節資料。"
中央氣象署現在天氣觀測報告,發電,"氣象觀測, 短期預報, 長期分析, 風力發電, 太陽能發電, 環境監測, 災害防治, 時間序列, 空間定位, 發電","【1. 核心描述】  
本資料集「中央氣象署現在天氣觀測報告」記錄了台灣各地氣象測站即時的天氣狀況與相關氣象指標。資料涵蓋測站所在地的縣市與鄉鎮區域，並包含觀測時間、氣溫、濕度、風速風向、降水量、日照時數、氣壓、紫外線指數等多項氣象要素。測站分布遍及全台各地，資料以時間序列方式呈現，反映當下及當日氣象條件，適用於短期與長期氣象觀測分析。

【2. 應用場景】  
此氣象資料可用於多種情境，如：即時天氣監控、氣象預報模型校正、農業灌溉與災害防治規劃、交通運輸安全管理、能源產業中風力與太陽能發電的氣象條件評估、城市規劃與環境監控，以及氣候變遷研究等。對於能源產業，尤其是風力與太陽能發電，相關風速、日照與溫度資料能協助提升發電效率與預測準確度。

【3. 背景資訊】  
資料由中央氣象署所蒐集與維護，作為國家氣象監測與服務的基礎。中央氣象署透過全台氣象測站網絡，持續收集即時氣象資訊，目的在於提供政府機關、產業界與大眾精確的氣象資訊，支援公共安全、經濟活動與環境保護。

【4. 資料特徵】  
資料欄位共33項，包含測站名稱、代碼、地理位置（緯度經度）、高度、觀測時間等基本資訊，與氣象指標如氣溫（攝氏度）、相對濕度（%）、氣壓（百帕）、降水量（毫米）、風速（公尺/秒）、風向（度）、日照時數（小時）、紫外線指數等。資料型態涵蓋文字、數值及時間序列，能反映當下與當日氣象變化。資料更新頻率高，通常以分鐘至小時為單位進行批次更新。

【5. 使用限制與注意事項】  
由於即時氣象資料可能受測站設備狀況或環境因素影響，部分欄位可能存在缺漏值或異常值，使用時需注意資料完整性與品質。測站分布雖廣，但仍有地區測站較稀疏，空間解析度有限。部分指標如最大瞬間風速與風向需搭配時間欄位解讀。建議結合其他氣象資料（如衛星雲圖、氣象模型輸出）及地理資訊，方能更全面理解氣象狀況。

【6. 潛在價值】  
此資料集能為氣象預報、氣候監測、災害預警、能源開發與管理提供科學依據。對能源領域而言，可用於風力發電場址評估、發電效率優化及風險管理。對政府與企業，則有助於制訂氣象相關政策、提升防災減災能力和改善公共服務品質。學術研究方面，提供長期氣象趨勢分析及氣候變遷影響評估的基礎資料。

【7. 其他補充（分類說明）】  
本資料集屬於氣象觀測類別，與能源產業相關時主要作為環境與氣象條件的參考資料。雖非直接發電或輸配電數據，但對風能及太陽能發電有重要輔助作用，屬於能源產業中環境監測與風險評估的基礎資料來源。"
中央氣象署鄉鎮氣象預報資料(新)-區域對照表,輸電,"氣象預報,地理定位,區域對照,GIS整合,時間序列,災害預警,農業氣象,公共安全,氣象觀測,智慧應用","【1. 核心描述】  
本資料集記錄了中央氣象署所發布的鄉鎮氣象預報所對應的地理區域資訊，涵蓋台灣各縣市及其下轄鄉鎮市區的區域編碼、名稱及其地理座標（緯度與經度）。資料中包含每筆區域資料對應的最新發布時間，以便使用者了解資料的時效性。資料範圍涵蓋全台灣，主題聚焦於氣象預報的區域對照，方便將氣象資訊與地理位置做連結。

【2. 應用場景】  
此資料集適合用於氣象預報服務的地理定位，如整合天氣預報系統、地方政府災害預警與應變、農業氣象管理、旅遊規劃以及學術研究等。也可用於將氣象資料與其他區域性資料（如人口、產業、能源消耗）結合，協助分析氣象對區域經濟或環境的影響。

【3. 背景資訊】  
資料由中央氣象署公開提供，該機構負責全國氣象觀測與預報服務，透過精細的區域劃分提升氣象資訊的精準度與實用性。收集此類資料的目的是為了確保氣象預報能夠準確對應到特定鄉鎮區域，方便政府與民眾獲得貼近生活的天氣資訊。

【4. 資料特徵】  
資料欄位包含：地區編碼（字串）、縣市名稱（字串）、鄉鎮市區名稱（字串）、緯度與經度（數值型態，精確到小數點後六位）、以及發布時間（文字格式，標示氣象資料的最新發布時刻）。資料以文字與數值混合型式呈現，適合用於地理資訊系統（GIS）整合與時間序列分析。資料更新頻率與中央氣象署預報發布頻率一致，通常依氣象狀況每日數次更新。

【5. 使用限制與注意事項】  
資料中可能存在部分鄉鎮因行政區劃調整而需定期更新，使用者需注意資料的時效性。發布時間欄位以文字形式呈現，解析時需轉換成標準時間格式。資料僅提供區域對照與地理定位，不包含具體氣象數值，需搭配其他氣象資料集才能完整了解氣象狀況。此外，資料未包含缺漏值說明，使用前建議檢查區域編碼與地理座標的完整性。

【6. 潛在價值】  
透過本資料集，使用者能將氣象預報精確配對到特定鄉鎮區域，提升氣象資訊的應用精度，支援災害預警、農業管理、公共安全與能源需求分析等領域決策。對於研究氣象變化與區域環境、人文活動的關聯性也具重要價值，能促進跨領域資料整合與智慧應用發展。

【7. 其他補充（分類說明）】  
本資料集屬於氣象觀測類公開資料，專注於「區域對照」功能，並非直接包含氣象測量數據或預報內容。它是氣象預報與地理資訊系統整合的重要基礎資料，屬於氣象服務系統中的地理定位輔助資料，對應「氣象觀測」分類，非發電、輸電、配電或售電相關資料。"
中央氣象署鄉鎮氣象預報資料(新)-未來72小時逐3小時天氣預報-區間預測,其他,"天氣預報, 區間預測, 降雨機率, 氣象觀測, 時間序列, 風力發電調度, 太陽能調度, 能源風險管理, 公共安全, 農業管理","【1. 核心描述】  
本資料集記錄了中央氣象署針對台灣各鄉鎮未來72小時內，每3小時區間的天氣預報資訊。資料涵蓋全台各地區，包含地區編碼、預報時間範圍、降雨機率、天氣現象及其代碼與描述，以及發布時間。透過區間預測方式，提供使用者對未來天氣變化的概率性判斷。

【2. 應用場景】  
此資料集適用於多種情境，例如農業管理者可根據降雨機率調整灌溉計劃，交通部門可提前因應天氣狀況調整運輸安排，能源產業可結合天氣預報優化風力與太陽能發電調度。此外，公共安全單位與一般民眾亦能利用資料做出風險評估與行程規劃。

【3. 背景資訊】  
資料由中央氣象署公開提供，該機構負責台灣氣象觀測與預報工作，致力於提供準確且及時的氣象資訊以保障國民生命財產安全。收集此資料是為了支援政府及社會各界對天氣變化的預測需求，並促進相關產業與研究發展。

【4. 資料特徵】  
資料欄位包含：地區編碼（字串型態）、預報起訖時間（文字型態）、降雨機率（字串型態，百分比表示）、天氣現象與其代碼（字串型態）、天氣描述（字串型態）以及發布時間（文字型態）。資料以時間序列形式呈現，更新頻率通常為每日多次，反映最新的天氣預報狀況。

【5. 使用限制與注意事項】  
資料中部分欄位為文字型態，使用前可能需要格式轉換和清理。降雨機率與天氣現象為預測值，存在不確定性，使用時應考慮誤差範圍。若需更完整的氣象分析，建議搭配其他氣象變數如溫度、風速資料。資料範圍限於未來72小時，超出此範圍的天氣狀況需參考其他預報資料。

【6. 潛在價值】  
本資料集有助於提升氣象相關決策的科學性與精準度，支援農業、交通、能源管理及公共安全等領域的運營效率。透過對短期天氣趨勢的掌握，企業與政府機構能更有效地調配資源，減少災害損失，並促進社會經濟活動的穩定發展。

【7. 其他補充（分類說明）】  
此資料集屬於氣象觀測分類，主要提供天氣預報資訊，並非直接屬於發電、輸電或用電資料。其為能源產業中天氣風險評估與調度優化的重要輔助資料。"
中央氣象署鄉鎮氣象預報資料(新)-未來72小時逐3小時天氣預報-點預測,其他,"氣象預報, 短期天氣, 時間序列, 風力發電, 能源管理, 災害預警, 公共安全, 農業氣象, 跨領域分析, 氣象觀測","【1. 核心描述】  
這份資料集記錄了中央氣象署針對台灣各鄉鎮的未來72小時氣象預報，每3小時更新一次的點位預測資料。包含了溫度、露點溫度、體感溫度、舒適度指數、相對溼度、風向、風速及蒲福風級等重要氣象參數。資料涵蓋全台各鄉鎮，時間範圍為發布日起未來三天內的逐3小時預報，有助於掌握短期天氣變化。

【2. 應用場景】  
此資料集廣泛適用於天氣相關的多種場景，例如日常生活中的氣象預報查詢、農業氣象管理、戶外活動安排、交通運輸安全評估等。此外，能源產業可利用這些氣象資料來預測用電需求變化、調整風力發電運作策略，政府部門則可依據預報制定防災及應急措施，提升公共安全。

【3. 背景資訊】  
資料由中央氣象署公開發布，該機構負責台灣地區的氣象監測與預報服務。收集此類資料的目的是為了提供準確且及時的氣象資訊，支持民眾日常生活與相關產業運作，強化氣象災害預警能力，降低極端氣候造成的損失。

【4. 資料特徵】  
資料集包含12個欄位，涵蓋地理編碼（字元型態）、預報時間與發布時間（文字型態）、溫度及各種氣象指標（整數型態）、風向及風速描述（字元型態）等。預報數據為時間序列性質，每3小時更新一次，便於短期氣象趨勢分析。舒適度指數與描述有助於理解氣象對人體感受的影響。

【5. 使用限制與注意事項】  
由於為氣象預報資料，存在預測誤差的可能性，尤其是局部微氣候變化難以完全捕捉。部分欄位如風速以文字形式呈現，使用時需注意轉換與解析。資料可能缺少極少數時段或地區的預報資訊，建議結合歷史實測資料與其他氣象資料來源進行綜合分析，以提高判斷準確度。

【6. 潛在價值】  
此資料集能協助用戶提前掌握氣象變化，提升日常生活與產業決策的安全性與效率。例如，能源管理單位可依據溫度及風況調整發電與輸配電策略，農業生產可依舒適指數調整灌溉與防霜措施，政府可藉此強化災害預警與應變準備。長期累積的預報資料亦有助於氣候趨勢研究與模型優化。

【7. 其他補充（分類說明）】  
本資料集屬於氣象觀測分類，專注於氣象預報領域，非直接屬於能源生產或輸配電範疇，但可作為能源與環境相關分析的重要輔助資料，支持跨領域應用與決策制定。"
中央氣象署署屬氣象測站觀測資料-自動雨量站觀測資料,發電,"雨量觀測, 時間序列, 氣象監測, 水力發電, 水資源管理, 再生能源, 防災預警, 氣候變遷, 公共安全, 發電","【1. 核心描述】  
本資料集記錄了中央氣象署轄下各自動雨量測站的雨量觀測數據，涵蓋全台灣各縣市鄉鎮的即時及累積降雨量。資料包含從短時間（如10分鐘）到長時間（如24小時及多日）的雨量累積數值，並附有測站的地理位置（經緯度及高度）與名稱等資訊。時間範圍為連續的觀測時間點，提供詳細的雨量變化記錄，適用於氣象分析與相關應用。

【2. 應用場景】  
此資料集可廣泛應用於氣象監測、洪水預警、水資源管理、農業灌溉調度以及城市排水系統規劃。能源產業方面，可用於水力發電的水源量估算和調度，也有助於風電及太陽能等再生能源在雨季或颱風期間的運作影響評估。此外，政府部門可依此資料制定防災策略與氣候變遷因應政策。

【3. 背景資訊】  
資料由中央氣象署蒐集與維護，該機構為臺灣主要的氣象監測與預報單位。設置自動雨量站是為了提供精確、即時的降雨資訊，以支援民眾安全防護、科研及產業需求。隨著氣候變遷帶來極端天氣事件頻率增加，持續且準確的雨量資料更顯重要。

【4. 資料特徵】  
資料包含20個欄位，主要指標有：測站ID（文字）、觀測時間（文字格式時間戳）、測站高度（數值）、多時段累積雨量（數值，單位毫米，包括10分鐘、1小時、3小時、6小時、12小時、24小時及多日累積）、測站經緯度（數值）、測站名稱及地理行政區域（文字）。數據屬時間序列型態，更新頻率通常為每小時或更短，視測站設置而定。

【5. 使用限制與注意事項】  
資料中可能存在短暫缺漏值或測站維修期間的資料不完整情況，使用時需留意並適度補值或過濾。由於觀測時間以文字格式記錄，解析時需轉換為標準時間格式。部分測站位置可能因地形限制造成數據代表性差異，建議搭配地形及土地利用資料進行綜合分析。另，單純雨量資料無法直接反映其他氣象條件，如風速或溫度，必要時需結合其他氣象資料使用。

【6. 潛在價值】  
透過本資料集，公部門與企業能更準確掌握降雨狀況，提升防災減災能力及水資源管理效率。對能源產業而言，有助於水力發電廠調度及再生能源系統的運營優化。學術研究可利用該資料分析降雨趨勢、氣候變遷影響與極端氣象事件頻率，進而支持政策制定與長期規劃。商業方面，保險業、農業供應鏈等亦可依此評估氣象風險並調整策略。

【7. 其他補充（分類說明）】  
本資料集屬於氣象觀測類別，專注於降雨量的自動測站數據記錄。其主要用途集中於氣象監測與相關應用，與發電、輸電、配電及售電等能源產業環節間接相關，尤其在水力發電及氣象風險管理方面扮演重要角色。"
中央氣象署署屬氣象測站觀測資料-站況資料(有人氣象站、自動氣象站、雨量站),發電,"氣象測站, 測站管理, 地理資訊, 氣象觀測, 風能評估, 太陽能資源, 氣候監測, 災害預警, 資料品質控管, 發電","【1. 核心描述】  
本資料集記錄了中央氣象署所屬各類氣象測站的基本站況資訊，包含有人氣象站、自動氣象站及雨量站。資料涵蓋測站的地理位置（經緯度與海拔）、所屬縣市、站名、設立與撤站日期、站點狀態等資訊。時間範圍涵蓋各測站自設立以來至撤站或目前仍在運作的期間，地理範圍涵蓋台灣全境的氣象測站。

【2. 應用場景】  
此資料集適用於氣象資料分析的基礎建構，例如氣象觀測網絡的佈局與覆蓋分析、氣象資料品質控管、長期氣候監測與趨勢研究等。也可用於結合氣象數據進行能源產業應用，如發電廠選址、風力與太陽能資源評估、輸配電系統規劃以及環境風險評估。此外，政策制定者可利用此資料了解氣象測站分布，優化氣象監測網絡，強化災害預警能力。

【3. 背景資訊】  
中央氣象署作為台灣主要的氣象監測與預報機構，負責全國氣象測站的設置與維護。收集這些測站的站況資訊是為了維護氣象觀測系統的完整性與可靠性，確保各項氣象資料的正確性與可溯源性。此資料有助於追蹤測站的歷史演變與現況，支援氣象觀測與研究工作。

【4. 資料特徵】  
資料包含14個欄位，主要為文字（字串）與數值型態，涵蓋測站編號（station_id）、中英文站名、海拔高度（公尺）、經度與緯度、縣市代碼、測站地址描述、設站及撤站日期、測站狀態（現存或已撤銷）、備註欄位，以及測站編號的歷史變更資訊。資料以靜態形式提供，更新頻率依中央氣象署公告調整測站狀態時進行。

【5. 使用限制與注意事項】  
本資料集主要為測站基本資訊，未包含實際氣象觀測數據。部分測站可能已撤銷，相關資料需注意其時間範圍與有效性。欄位中可能存在空缺或備註說明特別狀況，使用時需留意資料完整性。若要進行氣象分析，需搭配實際的觀測數據集才能完整解讀。

【6. 潛在價值】  
透過掌握測站位置與狀態，可協助氣象資料使用者評估數據來源的代表性與可靠度，優化氣象觀測網絡設計。對能源產業而言，了解測站分布有助於氣象資源評估與風險管理，支持發電效率提升與系統規劃。政策制定者亦可依據本資料調整測站佈建策略，強化氣象監測與防災能力。

【7. 其他補充（分類說明）】  
本資料集屬於氣象觀測類別，專注於測站基礎資料管理，與發電、輸電、配電或售電等能源產業環節直接資料不同，但為氣象相關應用如風電、太陽能開發等提供必要的基礎地理與站況支持。"
中央氣象署綠能RWRF-經緯度對照表(450*450),發電,"綠能, 經緯度座標, 氣象觀測, 空間定位, 發電, 再生能源, 資源評估, 地理資訊系統, 發電場址選擇, 能源政策","【1. 核心描述】  
本資料集為「中央氣象署綠能RWRF-經緯度對照表(450*450)」，主要記錄台灣地區以450乘450格網方式劃分的經緯度座標點資訊。資料涵蓋的範圍為特定氣象觀測格網內的每個點，提供精確的地理空間位置（緯度與經度）對應表，用於綠能相關氣象資料的空間定位與分析。資料不含時間序列數據，聚焦於固定格網點的地理座標。

【2. 應用場景】  
此資料集可用於綠能氣象模型的地理定位，如風力與太陽能發電潛力分析、再生能源資源評估、發電場址選擇、以及氣象數據與能源產業數據的空間配對。並可支援輸配電網路規劃、環境影響評估及能源政策制定時，對區域氣象條件的空間分析。

【3. 背景資訊】  
資料由中央氣象署提供，作為支持國內綠能發展與氣象服務的重要基礎資料。中央氣象署作為國家氣象資料提供核心機構，肩負氣象觀測及預報任務，特別針對再生能源產業需求，提供精細化的氣象格網座標資訊，促進能源與氣象跨領域應用。

【4. 資料特徵】  
資料包含三個欄位：唯一識別碼id（整數型態），對應的緯度latitude與經度longitude（雙精度浮點數型態）。此資料為靜態地理座標對照表，無時間序列，更新頻率視氣象格網調整需求而定，一般不頻繁變動。

【5. 使用限制與注意事項】  
資料僅提供經緯度座標，缺乏時間或氣象參數數據，需搭配其他氣象或能源資料使用才能完整分析。格網大小固定，解析度為450×450，可能無法反映極細微地理差異。使用時應注意經緯度系統與其他資料坐標系統的一致性，避免空間匹配錯誤。

【6. 潛在價值】  
此資料集為綠能氣象分析提供精確的地理基礎，有助於提升風力與太陽能資源評估的準確度，支持發電效率優化及設備佈局規劃。對政策制定者而言，能更有效理解氣象條件對能源系統的空間影響，從而制定更合理的綠能推動策略。

【7. 其他補充（分類說明）】  
本資料集屬於氣象觀測類別，專注於綠能相關的地理空間定位，為發電階段（特別是再生能源發電）提供必要的氣象地理基礎數據，並非直接的發電、輸電、配電或售電數據，但對這些環節的空間分析均具輔助作用。"
中央氣象署綠能RWRF-預報,發電,"氣象預報, 綠能支援, 太陽能發電, 風力發電, 時間序列, 地理資訊, 發電, 再生能源, 能源政策, 氣象觀測","【1. 核心描述】  
本資料集「中央氣象署綠能RWRF-預報」記錄了台灣地區的氣象預報數據，涵蓋地表輻射、氣溫及不同高度（10米與100米）的風速與風向資訊。數據以時間序列形式呈現，包含預報時間與發布時間，能反映特定時刻的氣象狀況。資料主要聚焦於支援綠能相關應用，時間範圍依據發布的預報時間而定，地理範圍涵蓋台灣本島及鄰近區域的經緯度網格點。

【2. 應用場景】  
此資料集適用於多種能源與氣象相關場景，包括：評估太陽能發電效率（依據地表輻射與溫度）、風力發電潛力分析（利用10米與100米風速與風向資料）、綠能電網規劃與輸配電調度、氣象條件對用電需求的影響研究，以及輔助政府或企業制定能源政策與環保策略。

【3. 背景資訊】  
資料由中央氣象署（CWB）提供，作為政府官方氣象預報系統的一部分，專門支援綠能發展需求。隨著再生能源的普及，準確的氣象預報成為優化綠能發電與穩定電網運作的關鍵，中央氣象署透過RWRF模型提供高解析度的氣象預報，以協助能源產業及相關決策單位。

【4. 資料特徵】  
資料包含9個欄位，主要為數值型與文字型態，詳細包括：  
- 經緯度ID（整數）定位地理位置；  
- 預報時間與發布時間（文字格式）標示時間序列點；  
- 地表輻射（W/m²）、兩米氣溫（°C）、十米及百米高度的風速（公尺/秒）與風向（八方位）為關鍵氣象指標。  
資料更新頻率依官方預報發布頻率而定，通常為每日或數次每日更新，提供即時且動態的預報資訊。

【5. 使用限制與注意事項】  
資料可能存在預報誤差及缺漏值，特別是在複雜地形或極端氣象條件下。風向以八方位表示，使用時需轉換為數值角度以利分析。單一資料集無法涵蓋所有氣象變數，建議配合地面觀測資料或其他氣象模型使用，以獲得更全面的評估結果。使用時需注意時間同步與空間解析度的匹配，避免誤用。

【6. 潛在價值】  
透過本資料集，可以提前掌握日照與風力變化趨勢，協助綠能發電廠提升發電效率與調度靈活性，減少因氣候不確定性帶來的風險。同時，對政策制定者而言，提供科學依據促進再生能源政策的優化與推動，是推動能源轉型的重要資源。學術研究與商業應用亦可利用此資料分析氣象對能源系統的長期影響與經濟效益。

【7. 其他補充（分類說明）】  
此資料集屬於「氣象觀測」分類，特別聚焦於支持「綠能」領域的氣象預報，與發電（太陽能、風力）密切相關。它並非直接的發電或輸電資料，而是作為輔助資訊用於發電量預測與能源管理，因此在能源產業中屬於關鍵的基礎氣象數據來源。"
中央氣象署綠能WRF-經緯度對照表(263*303),發電,"綠能, 經緯度定位, 氣象模擬, 空間分析, 發電, 氣象觀測, 資源評估, 風能, 太陽能, 能源規劃","【1. 核心描述】  
本資料集記錄了中央氣象署綠能WRF（Weather Research and Forecasting）模型中所使用的經緯度對應資訊，涵蓋了263×303格點的地理座標點。每筆資料包含唯一的經緯度ID、對應的緯度與經度數值，範圍涵蓋指定的地理區域，時間上屬於模型運行所需的靜態基礎資料。此資料集主要用於定位氣象數據的地理位置，並協助綠能相關的氣象模擬與分析。

【2. 應用場景】  
該資料集可用於多種情境，包括綠能資源評估、風力與太陽能發電潛力分析、氣象模擬結果的地理定位、以及能源規劃中的空間分析。它能協助研究人員和工程師將氣象數據精準匹配至具體地點，進一步支持發電效率評估、輸配電網路規劃及氣候影響評估等應用。

【3. 背景資訊】  
資料由中央氣象署提供，作為其WRF氣象模擬系統的一部分，專門服務於國內能源產業及相關研究需求。隨著綠能技術的推廣與應用，精確的地理氣象資料成為評估與規劃的重要基礎，因此中央氣象署建立此資料集以標準化模擬格點的地理位置資訊。

【4. 資料特徵】  
資料集包含三個欄位：id（整數型，代表唯一的經緯度標識）、latitude（浮點數型，代表緯度座標）、longitude（浮點數型，代表經度座標）。資料為靜態地理座標資訊，不隨時間變動，為WRF模型的基礎輸入之一。資料更新頻率不高，主要依據模型格點設定調整。

【5. 使用限制與注意事項】  
資料本身僅包含經緯度位置資訊，未包含氣象或能源相關的動態數據，因此必須結合其他資料集（如氣象觀測、模擬輸出或能源生產資料）方能進行完整分析。由於為固定網格點資料，解析度受限於263×303的格點數，可能無法反映非常細微的地理差異。使用時需注意座標系統與其他資料的一致性。

【6. 潛在價值】  
此資料集為綠能氣象分析提供了空間定位基礎，幫助能源產業精確掌握氣象條件與地理位置的關聯，促進風能、太陽能資源評估與發電潛力預測的準確性。進而支持能源規劃決策、政策制定及相關研究，提升可再生能源利用效率與整體能源管理水平。

【7. 其他補充（分類說明）】  
本資料集屬於氣象觀測類別，專注於提供綠能氣象模擬所需的地理經緯度基礎資料，主要服務於發電階段中的氣象數據整合，與發電效率提升及資源規劃密切相關。"
中央氣象署綠能WRF-預報,發電,"綠能預報, 氣象數據, 時間序列, 太陽能發電, 風力發電, 發電, 輸配電規劃, 氣候風險, 能源調度, 智慧電網","【1. 核心描述】  
本資料集「中央氣象署綠能WRF-預報」記錄了台灣地區針對綠能應用所產出的天氣預報數據，涵蓋包括地表輻射、溫度、風速與風向、降雨量等氣象要素。資料以經緯度ID定位，時間範圍涵蓋多個預報時點，提供未來天氣條件的預測資訊。此資料主要反映地區性氣象變化，對於綠能資源評估尤其重要。

【2. 應用場景】  
此資料集可用於綠能發電效率分析，例如評估太陽能板的輻射強度及風力發電機的風況條件；也適合用於輸配電系統的運作規劃，根據天氣變化調整能源輸配策略。此外，研究用電行為與能源需求預測時，天氣因素是重要參考變數。政府與能源機構亦可利用這些資料支持能源政策制定與氣候風險管理。

【3. 背景資訊】  
資料由中央氣象署提供，基於其綜合氣象觀測與WRF（Weather Research and Forecasting）模式預報系統，專門針對綠能相關氣象指標進行產出。中央氣象署作為國家氣象服務機構，致力於提供精準且即時的氣象資訊，支持國內能源產業的綠能發展與氣象風險控制。

【4. 資料特徵】  
資料包含10個欄位，主要為數值型態，包括地表輻射（W/m²）、兩米溫度（°C）、十米及百米高度的風速與風向（公尺/秒及8方位）、以及降雨量（毫米），同時有預報時間與發布時間的時間標記。經緯度ID用以定位資料所屬的地理位置。資料呈現為時間序列形式，能反映不同時間點的天氣預測狀況。

【5. 使用限制與注意事項】  
資料為預報性質，存在一定的預測誤差，使用時應考慮氣象模型的不確定性。此外，資料中可能有部分時間或區域缺漏，建議搭配實際觀測資料或其他氣象數據以提高分析準確度。若要進行長期趨勢分析，需確認資料的更新頻率與時間跨度。

【6. 潛在價值】  
透過這份資料，能源產業可更有效掌握氣象條件對綠能發電的影響，優化能源調度與運營策略。政策制定者能依此評估未來綠能發展的氣象風險，提升能源穩定性與安全性。研究機構則可用於分析氣象變化與能源系統的相互關係，促進智慧電網與可再生能源技術的創新。

【7. 其他補充（分類說明）】  
本資料集屬於「氣象觀測」分類，專注於提供綠能相關的氣象預報資訊，對應能源產業中的「發電」階段，尤其是太陽能與風能發電的氣象條件評估，屬於綠能支撐的關鍵資料來源。"
